spp	Tribe	id	Pair_bonding	Sex_caregiver	sex	OT	VT	OTRa	OTRb	VTR1Aa	VTR1Ab	VTR2Aa	VTR2Ab	VTR2Ba	VTR2Bb	d15N	d13C
Altcom	Lamprologini	ISB1_JME3	0	0	M	0.657354450988169	0.744630053220366	0.344768003924128	-1.96676132037464	0.64203278582442	-0.0795704748279112	-0.973265448259152	0.524922787621113	0.857392800849843	1.32831245772688	-0.389610035730526	-0.12986059114369
Altcom	Lamprologini	ISD2_JNI6	0	0	F	0.308871754270689	0.222032473174447	1.11754438883994	-1.04151846104338	-0.059174771991503	0.126579914419839	-0.328466615537604	1.3269309481525	0.711788964112599	0.0878592182257166	-0.389610035730526	-0.12986059114369
Altcom	Lamprologini	ISC9_JNH5	0	0	F	-0.640960968109345	-0.749885950131456	-1.09945051097998	-0.47439489765375	-1.23530102464675	1.28764304596754	-0.463316068652401	-0.430669569975487	0.789923338715714	-0.463918023479471	-0.389610035730526	-0.12986059114369
Altcom	Lamprologini	ISB5_JMH6	0	0	M	-0.528409685239963	-0.797035682563658	0.820704657547877	-1.60383485605388	0.493208329839795	-1.4373510502668	-1.2475297318243	0.397024449598287	-0.497905798062135	0.219069659327364	-0.389610035730526	-0.12986059114369
Altcom	Lamprologini	MUF8_LTB1	0	0	F	1.04217163693785	0.721734658826405	0.806569599580375	-1.38264104572754	-0.66333710650577	-2.16296482171827	-0.728936867456365	-0.122572805679007	-0.117343091919704	-1.7906931679948	-0.389610035730526	-0.12986059114369
Altcom	Lamprologini	MUF7_LSI8	0	0	M	0.766037517324688	0.474357481376678	-0.150385484738422	-0.895659687079943	0.777989161147406	0.408748233725245	-0.636156180503222	0.160992448783473	-1.20291815036235	-0.709433674147803	-0.389610035730526	-0.12986059114369
Auldew	Ectodini	MUG1_LTD3	0	0	M	-0.0996453654867574	0.304550752493804	-0.424007469286711	-0.590265453617108	-0.9940079411926	-0.951109945170075	0.714654776843517	1.64858369311521	0.154517577271185	1.31886368283287	-0.350771588963017	-0.886544621646732
Auldew	Ectodini	LOC1_NJE4	0	0	F	-0.160617207111833	0.262118065445363	-0.976668350447636	-0.55889660184255	0.108727199579987	-0.631386619143476	0.0113262105687721	0.634714413270798	0.865943661281382	0.542228594518638	-0.350771588963017	-0.886544621646732
Auldew	Ectodini	LNA1_LWG6	0	0	F	-1.24912782538432	-1.22581880294131	-0.376043644942606	-0.272604802793511	0.948385827418606	-1.36668202204201	0.497093209523715	1.06425695499449	1.18283049955287	0.284011444264895	-0.350771588963017	-0.886544621646732
Auldew	Ectodini	MUI9_LWF5	0	0	M	0.372449005371396	0.0609202467638234	-0.0627822217590955	0.267695081317678	-0.824870652661455	0.399445145279524	0.10638770625842	1.81803786196727	-0.285815415009759	-0.604688008968537	-0.350771588963017	-0.886544621646732
Auldew	Ectodini	MUI2_LVG6	0	0	M	0.622802969800748	0.71415306457321	-0.469203846521391	0.710840224598906	-0.829871747841891	1.02379869703072	0.972554948561718	2.88125314410047	0.375077336091953	0.353324638848014	-0.350771588963017	-0.886544621646732
Auldew	Ectodini	MUE4_LRE4	0	0	F	0.13978751441592	0.362717593676468	0.0599748302822779	0.0887034883762847	0.320709301311829	-0.607352809070617	1.21718582486211	1.84711151816582	0.501885528465187	1.22388600943302	-0.350771588963017	-0.886544621646732
Batfas	Bathybatini	LNI8_MZF5	0	0	F	0.0316847135009541	1.26813017957738	-1.79908737673594	-0.0159193791379955	-1.05342404813345	-0.157539939047271	1.18287403934928	0.757286164707536	1.03894113858532	-0.829463099174012	0.695081865821326	-0.770243761522719
Batfas	Bathybatini	LNB1_MAH7	0	0	M	0.153483653903985	1.17864022319614	-4.40592262406929	-1.07087873560177	-2.83638608903691	-1.96450154750131	-0.320381229099114	0.955003188872246	0.629927519981556	-0.305171783673246	0.695081865821326	-0.770243761522719
Batfas	Bathybatini	OME6_QDI8	0	0	F	0.684317236912069	1.94583426663583	-2.39974306440523	-0.98026867547092	-0.441821687220417	0.52508850465328	1.43055744198094	-0.515365945698617	-0.350511335952589	-1.7906931679948	0.695081865821326	-0.770243761522719
Batfas	Bathybatini	ITH3_JRB6	0	0	F	0.386191907177193	1.69573111797381	-1.68788941289538	-0.338488002301191	-1.14730546620313	-0.576069841905707	0.884345155003874	1.5828983709654	1.35745787696804	-0.133411070324249	0.695081865821326	-0.770243761522719
Batfas	Bathybatini	ITH5_JRD8	0	0	F	0.304409041684181	1.60033421852382	-1.78107748096263	-0.0249059455544011	-1.22857501263718	-0.347995997193174	0.696120840312939	0.770860441921763	0.753834351303768	-0.652044361308607	0.695081865821326	-0.770243761522719
Batfas	Bathybatini	OME5_QDH7	0	0	F	0.802014181027061	2.1173503751893	-0.673339765569127	-0.62127527487176	-0.335149852282933	-0.0248464002378212	0.64676765710604	-0.0814044805151871	0.478308903385771	-0.110361615699455	0.695081865821326	-0.770243761522719
Batgra	Bathybatini	LNB2_MAI8	NA	0	M	1.06852234547646	1.04284215183188	-0.267864285412578	-2.82578836263875	-1.8278395325246	-0.523658772108246	2.09572869784333	0.479691264883262	2.76619192244505	-1.7906931679948	1.75229801569336	-0.491195176014366
Batgra	Bathybatini	ILG7_DWD3	NA	0	M	-0.0531054244854891	-0.896039791096358	-0.328443547890838	-3.43730458737649	-1.9150295369533	-0.426769084613788	2.79145152630769	0.376402065749811	1.28194349388592	-0.229394144512109	1.75229801569336	-0.491195176014366
Batgra	Bathybatini	LNB4_MBC2	NA	0	F	-0.0629212377343678	0.948691734877496	0.0792402584587275	-2.75274579764412	0.855603668554977	0.487733260490126	3.1008547249763	1.47489876194987	1.260975378146	-0.431478256845806	1.75229801569336	-0.491195176014366
Batgra	Bathybatini	IUI8_HQD6	NA	0	F	0.0819127111154575	0.94616598097917	-2.29258664761216	-2.52400901353578	-1.4752524192934	0.847083110352375	1.74813858372208	-0.941639179862559	0.402388939444171	1.09920324846739	1.75229801569336	-0.491195176014366
Batgra	Bathybatini	LNB6_MBE4	NA	0	F	0.237720090534264	0.829643434836193	-1.06426974593024	-2.87600354833704	-1.54771322121351	-0.688586695362439	1.88308703315142	0.810217405060312	0.610094773550094	0.0307329852454775	1.75229801569336	-0.491195176014366
Benhor	Benthochromini	ILG1_DWA9	0	0	M	-0.797789299360996	-0.913258763461768	-0.103863742423201	0.0409655282889632	-1.16039979427103	2.06989277132111	1.6942401975873	0.72965297978383	-4.06891026620071	0.305055364870982	0.221029839885122	-0.754165349079903
Benhor	Benthochromini	RLB1_QVG6	0	0	F	0.566926027623925	0.0531087736448011	-0.222166571379626	-1.11925977283931	-0.00720906347158684	0.510327111773816	2.04051930595519	1.03692193635298	-2.02421301289694	0.40918964855187	0.221029839885122	-0.754165349079903
Benhor	Benthochromini	LPE9_NDH7	0	0	M	-0.00744139441010148	-0.00737763897531928	-1.67547776244812	-0.689642568384852	0.538215110816125	-0.922565386206145	1.33767815894439	0.753064897031447	-1.29233626714347	0.67044541850338	0.221029839885122	-0.754165349079903
Benhor	Benthochromini	RLB2_QVH7	0	0	F	0.354545904106649	0.364656275295036	-0.25793793278298	0.0411192460040962	-0.19321937276343	-0.41523690127639	1.69040587648619	-0.265031713719627	-0.052030738449937	0.475693592310617	0.221029839885122	-0.754165349079903
Benhor	Benthochromini	LPE8_NDG6	0	0	M	-2.29354147938784	-2.23732005281168	-0.14947629604514	0.181719677599414	1.05340001990367	-0.510284526222092	2.12966050740355	2.12186323121622	-1.93717703150963	1.00231907101042	0.221029839885122	-0.754165349079903
Benhor	Benthochromini	RLA9_QVF5	0	0	F	0.593790799317188	0.41923621041559	-1.00626688414162	0.211696653578956	-0.574618869107035	-0.501260443380242	2.59448901038789	0.385413158453316	-0.0251353669443403	1.97440519306635	0.221029839885122	-0.754165349079903
Boumic	Boulengerochromini	MPG4_QKB1	1	1	F	1.96020014963591	1.64419391770216	-1.51394267971882	-1.76378024921432	-0.56498979210914	0.0812945717970188	-0.614348060018664	-0.266107275068602	-2.04360293189465	-1.7906931679948	0.85478025551468	-0.723683362955067
Boumic	Boulengerochromini	MOF1_NUC2	1	1	M	1.99678323845473	2.64099835140293	-1.13728305105792	-1.77392666770516	-0.581375081796841	0.0637238465827834	-0.907953681862004	-0.279067700188102	-1.01853135084467	-0.618047943972966	0.85478025551468	-0.723683362955067
Boumic	Boulengerochromini	MPD5_OCC2	1	1	F	0.76388720323479	0.888499530084227	-1.7229743840261	-2.52974084767913	-0.3703179969538	-0.870417484141101	-0.560011624025298	1.00826312042954	-0.870463371850027	-1.7906931679948	0.85478025551468	-0.723683362955067
Boumic	Boulengerochromini	JAE6_GYD3	1	1	F	0.682801283664475	1.19704426298532	-1.95188594646865	-2.66632691231503	-2.0094710785862	1.4269161718288	-3.34961074571809	0.971988295718457	-2.47017339312364	-1.7906931679948	0.85478025551468	-0.723683362955067
Calmac	Ectodini	MOH7_NXB1	0	0	F	-0.476672591729878	0.31377201195263	-1.257985008949	1.41394153423966	-0.632331256274235	-0.120133580238502	-0.925220084629464	0.882367465961533	0.814322926829849	0.405014768831298	0.34083295381111	0.495051192634939
Calmac	Ectodini	MOH6_NWI8	0	0	F	0.326885066419246	0.72932956684078	-0.622148748481714	1.07962365190433	1.05093177446588	-0.393624063937386	0.163378996667435	0.301014645392654	-0.0289857119127452	-0.483572112999041	0.34083295381111	0.495051192634939
Calmac	Ectodini	MUC5_LYE4	0	0	M	-0.895699301438974	-1.04805745606135	-0.593895759004645	0.459609509775055	-0.198702710281692	-0.530795980420205	-0.0848784904479398	0.472491928500507	0.363280099165598	-1.7906931679948	0.34083295381111	0.495051192634939
Calmac	Ectodini	LPI2_NHE4	0	0	M	-0.838062757563843	-1.1758635923016	-2.28530937885232	1.51285606278931	-1.33261764858084	-0.0590770732333	-0.871446884289893	-0.510423725607735	0.671821816069287	-0.517524881948195	0.34083295381111	0.495051192634939
Calmac	Ectodini	MOH5_NWH7	0	0	F	-1.49403672379244	-0.737095751176594	-0.763472939898356	0.349946297569158	-0.103114875806593	-0.641792758365899	-0.487897811182757	-1.64426533557922	-0.298033183812401	-1.7906931679948	0.34083295381111	0.495051192634939
Calmac	Ectodini	LPF1_NDI8	0	0	M	0.573362122765174	0.243979418317964	0.34173431137284	0.267404666780974	0.109156109504452	-0.631017685915723	-0.300582932219285	1.09299968036373	0.474169212771783	0.0693447996505143	0.34083295381111	0.495051192634939
Calple	Ectodini	MVE8_OKE4	0	0	F	-1.20593123944364	-0.675484447334857	0.648981395809026	0.794895155147478	-1.83404071153368	-1.52597368747321	1.01175179949632	0.741515435839114	0.363122641572952	-1.7906931679948	1.57393307236158	0.622330896478967
Calple	Ectodini	MVF1_OKG6	0	0	F	-1.05274554592995	-0.45871022376739	-0.29604962303623	0.689288683152422	0.287749470029705	-0.475465329792533	1.1658455565278	0.223802883201936	-0.447401256012855	-0.525448067753336	1.57393307236158	0.622330896478967
Calple	Ectodini	MVE9_OKF5	0	0	F	-0.50116001344012	-0.219526475209249	0.175115728048392	0.0832727099404579	-2.15279937547887	-0.544898837004578	0.609909641569521	-0.182089222445527	-1.27103258138844	-0.742581327750811	1.57393307236158	0.622330896478967
Calple	Ectodini	MVF3_OKI8	0	0	M	-0.124102105393025	0.074962441802525	-0.718659632378579	-0.0931582731375736	0.0491351454543841	-0.302500483290928	0.710940988366511	0.580177043532211	-0.0611286997064199	-1.7906931679948	1.57393307236158	0.622330896478967
Calple	Ectodini	MVF2_OKH7	0	0	M	0.423277047500137	0.34698767278379	-0.359467774171773	-0.249930480242608	-0.107398679093026	0.623651834259577	-0.553937927233965	1.07634694844719	0.893359643938068	0.191284399322406	1.57393307236158	0.622330896478967
Chabri	Lamprologini	MUD9_LZI8	1	1	M	-0.069197538093022	-0.171905088519134	-1.37342086837791	1.21228419497379	-0.835932063006736	-0.641202992012193	1.3347790402607	-0.647632428317647	-0.622043404892056	-1.7906931679948	-0.101480017848561	1.74740861055749
Chabri	Lamprologini	MUE1_LRB1	1	1	F	0.640751651012659	1.15687173700502	0.832968220294325	-1.23417680644	1.21472464104895	-0.198724036143314	1.56574501831639	-0.6072809659546	0.0460798811122116	1.70869402062974	-0.101480017848561	1.74740861055749
Chabri	Lamprologini	MUD6_LZF5	1	1	M	0.97467994132785	0.783743467314328	-2.04345091831842	-0.0984119268322115	0.135972417057343	-0.897571741754113	0.743115289181048	0.267142986955682	-0.790853895781335	-0.501963665559841	-0.101480017848561	1.74740861055749
Chabri	Lamprologini	MUD8_LZH7	1	1	M	0.00304989387100775	0.201257171018991	-0.989180066797366	-2.42019034819178	-0.83423305086104	-0.255535458516705	0.586048578347208	0.625951189339891	-0.012437577016918	-1.7906931679948	-0.101480017848561	1.74740861055749
Chabri	Lamprologini	LPB8_NBD3	1	1	F	-0.860850448408148	-0.771323635649109	0.439017437958604	0.705481610565999	2.31622874309979	-0.273933909003239	-0.457801087057103	-1.8874408838079	-0.0649017041458052	-0.964669280946427	-0.101480017848561	1.74740861055749
Chabri	Lamprologini	MUD7_LZG6	1	1	F	-0.42229536261542	-0.0674391224910711	-0.141957724563054	-0.167502225317203	0.770524483509035	-1.50802224515379	1.10225621018436	-1.01539845383819	0.826559225686986	-1.7906931679948	-0.101480017848561	1.74740861055749
Cphgib	Cyphotilapiini	RLB3_QVI8	0	0	F	0.931208336783802	0.985115407914513	0.411805537365264	1.14951043465883	-0.661015345723689	-0.552769676757973	-0.825898941710862	1.32949660359621	-0.289236820372856	-0.982001583738436	1.12392489392033	-0.740330535066462
Cphgib	Cyphotilapiini	MPF2_ODH7	0	0	F	1.6368273321743	1.77193781247696	0.501524725575352	1.59749636896147	-0.305984798527285	-0.780959512682594	-0.201749358033549	1.33370631031809	-2.42860136303414	-0.849835227839468	1.12392489392033	-0.740330535066462
Cphgib	Cyphotilapiini	MPE9_ODF5	0	0	M	1.10440350969618	0.891819028253947	1.55495440311049	1.48681036650948	0.0420174037893691	-0.175389811967639	-0.603543367738947	-0.360795065242773	0.891331983566394	-0.242381344372088	1.12392489392033	-0.740330535066462
Cphgib	Cyphotilapiini	MOA9_NRC2	0	0	F	0.182781079648591	-0.0663400146407276	0.944845578781	0.835748734691401	0.704889731771186	-0.0425894293371124	-0.0820780385568955	-0.26064050739119	0.0445767768543356	-1.7906931679948	1.12392489392033	-0.740330535066462
Cphgib	Cyphotilapiini	MPF1_ODG6	0	0	M	0.772336826124911	0.612773175453672	-0.235891914581151	-0.268083645978872	-0.104988017723023	0.404347477052013	-1.00384760618705	0.10882621270499	-0.174079458164215	0.0213285271906801	1.12392489392033	-0.740330535066462
Cphgib	Cyphotilapiini	RLA8_QVE4	0	0	F	0.224976039670491	0.35478930037683	-1.40721351693894	-0.132212623959888	-0.464660758854178	-1.1025660769531	-0.669649922308752	1.35029695474878	-0.827706338020976	-0.252438473539026	1.12392489392033	-0.740330535066462
Ctehor	Tropheini	LNB8_MBG6	0	0	F	0.190603671198174	-0.0679873581748113	-0.431110449022047	-0.339761344640289	0.221877016276918	1.07875708112099	-0.53937636511289	0.571106068868367	-0.35242884052427	0.497629488724574	1.15041501743279	0.375063811376848
Ctehor	Tropheini	LNC7_MCG6	0	0	M	0.176341737126114	-0.345582374004929	-0.313246170152231	-0.235104644330407	0.091408544169348	-0.262841053638735	-1.05209471494883	0.534083497275527	0.660799679725662	-1.7906931679948	1.15041501743279	0.375063811376848
Ctehor	Tropheini	LNB9_MBH7	0	0	F	0.123606128149868	-0.164644848589576	-0.606836350524619	0.792597763711357	0.980299162918609	0.341918673962407	-0.650924979614054	-0.674837246739094	-0.337377381562616	1.63145189045717	1.15041501743279	0.375063811376848
Ctehor	Tropheini	LNC8_MCH7	0	0	M	-0.326918146187561	-0.364006583177943	-0.578108203397881	-0.97372228862596	0.236696348743981	-0.520343470556227	-1.84075938021252	0.483034303952796	-0.494307605292614	-0.54838073578018	1.15041501743279	0.375063811376848
Ctehor	Tropheini	LND9_MRB1	0	0	F	-0.0560754562277623	-0.129664648804193	-0.276614891230246	-0.119455787629375	-0.398565753581206	0.00195196624827285	-0.172406576329563	-0.324537287001167	-0.69518078814978	0.0166662969036053	1.15041501743279	0.375063811376848
Ctehor	Tropheini	LND6_MDG6	0	0	M	0.0869092248293539	-0.318004567141761	-1.57747675619241	0.395416091456774	0.398257217122951	0.0310720510515576	-1.34538232517701	-0.680437496881588	-0.668593688097011	-0.6321956774686	1.15041501743279	0.375063811376848
Cyafur	Ectodini	LPF3_NEC2	0	0	M	0.912745447995204	1.15154385336523	-1.55731377436781	-1.71588828656992	0.782610327725944	-1.79743047821502	0.0272016108681415	-0.511887732675298	-0.619531651745296	-0.754618370540643	-1.61083198217293	1.73185391484686
Cyafur	Ectodini	MPD4_OCB1	0	0	F	-3.02925711996732	-2.99112591667285	-0.570345643513306	-0.388162275581904	0.687885952747512	-1.46129230721189	0.983019580619407	3.30179301104266	0.211100686689274	0.196822086778361	-1.61083198217293	1.73185391484686
Cyafur	Ectodini	MPD3_OBI8	0	0	F	-0.280733249130205	0.268473145236408	-0.25056905256392	-0.184722126840021	0.762307411530773	-0.848922610682257	0.0222665926991693	1.38339403465567	-0.00843602234372402	0.239510672303934	-1.61083198217293	1.73185391484686
Cyafur	Ectodini	MOF5_NUG6	0	0	F	-1.93050035201995	-0.552216645080357	-0.282248846011246	0.177842713681594	1.1891942563182	-0.395698752972749	-0.502884325523045	0.884032054716647	0.51488388666832	0.715863640271132	-1.61083198217293	1.73185391484686
Cyafur	Ectodini	LPF2_NEB1	0	0	M	-1.29322778071995	-0.507628893522725	-1.18824284731411	-1.54038362734471	0.659923835396094	-1.37019324556241	-0.49368742603351	2.51424642840959	0.350075752105397	-0.441362727548793	-1.61083198217293	1.73185391484686
Cyafur	Ectodini	LPD3_MYI8	0	0	M	0.495671442833551	0.849313535089436	-0.230550624900714	0.731831126997488	0.168565651688979	1.01765234128938	-0.648020638699284	1.17077961315488	-0.402159317549685	-0.000755303969244658	-1.61083198217293	1.73185391484686
Cypdwj	Cyprichromini	MVD1_OIE4	NA	NA	F	-1.76832130462782	-0.98360042296916	-0.918095936359693	0.131642610001927	-1.17329559650201	-1.6223493892583	0.109514342264148	-0.668815323511865	-1.48855970651688	-0.624339525851544	-0.0714174862072311	-1.18088198008097
Cypdwj	Cyprichromini	MVC9_OID3	NA	NA	F	-0.174131457023718	-0.123378508662631	-0.861823666758083	0.379676459593894	-0.419825783599253	0.372050866867699	1.16455017592965	-1.14939260004117	-0.394166979302124	-0.951603345352243	-0.0714174862072311	-1.18088198008097
Cypdwj	Cyprichromini	MVC8_OIC2	NA	NA	F	-0.823035107188806	-1.14379067020226	0.363691399510605	0.328175299485255	-1.33871622785892	-0.466505739541942	1.65226676058915	-0.790378436296838	-0.233543389449897	-0.0657600159378405	-0.0714174862072311	-1.18088198008097
Cypdwj	Cyprichromini	MVC5_OHH7	NA	NA	M	0.618200717974088	0.382093936530842	-0.359250287704663	0.93640970622419	-1.72569153238145	0.736725216474439	0.458880351061648	-1.0624499419859	-0.680936046898129	0.101394375035454	-0.0714174862072311	-1.18088198008097
Cypdwj	Cyprichromini	MVC6_OHI8	NA	NA	M	-0.056949823111815	-0.42973766657906	0.513878092985594	-0.0915201991403687	-0.926114229870768	-2.1387923237366	0.633808560501244	0.58199125452675	0.229956575693282	0.696766517983622	-0.0714174862072311	-1.18088198008097
Cypdwj	Cyprichromini	MVC7_OIB1	NA	NA	M	-0.292556758686289	-0.023265519347471	-0.741429989542842	-0.183369024698627	0.310035574582896	-0.882132675847507	0.864121519348885	-0.162853542202058	-1.68965993511804	-0.73241043567705	-0.0714174862072311	-1.18088198008097
Cyplep	Cyprichromini	LPC5_MYB1	0	0	F	-0.363110799556138	0.0251059125096792	-0.789105419827076	0.40626279081173	-0.776849309459638	-1.97896886758117	0.347274553343355	0.223187151077974	-0.44808062301671	0.433032873012616	-0.148217428974904	-1.33818381549573
Cyplep	Cyprichromini	MUG8_LUC2	0	0	M	0.770152400897769	0.576892199492245	-1.85443796150158	0.0284663841919513	-0.568289168780612	-0.383828212689873	0.190626777420218	-1.78441631062067	0.683905058652622	0.5768523343361	-0.148217428974904	-1.33818381549573
Cyplep	Cyprichromini	LNE5_MRG6	0	0	F	-0.86712607911724	-0.669461350354564	-1.55764875784172	0.227315530957704	-0.319142723305785	-1.2444630385469	0.370026028828089	-0.263592323176546	-1.63753623609984	-0.915099650995409	-0.148217428974904	-1.33818381549573
Cyplep	Cyprichromini	MUG5_LTH7	0	0	M	-3.3650255354092	-2.64972888046491	-1.02357007404193	0.86523177655899	-0.145430974734816	-0.73718291444556	-0.253623960424162	-0.127945559173453	0.796068573813135	0.591740412363054	-0.148217428974904	-1.33818381549573
Cyplep	Cyprichromini	MUG7_LUB1	0	0	F	0.27202107084646	0.57915039287072	-1.6995078786435	1.02060718795121	-2.03530143979874	0.747786986145777	0.512358700099364	0.72344490962427	-0.756235939395743	-0.673501542798544	-0.148217428974904	-1.33818381549573
Cyplep	Cyprichromini	MUG6_LTI8	0	0	M	0.952679859186483	0.609989304994933	-1.25570079858168	1.0917002318304	-1.70687054801841	1.54062489744058	-0.099750928366704	-0.732534585698331	-1.22195802720054	0.449816964174242	-0.148217428974904	-1.33818381549573
Cypmic	Cyprichromini	ONF5_QAC2	1	0	F	-0.0868723265534174	-0.290284433257437	0.390402605674773	1.04002316340835	-0.88942124243486	-2.25667597329998	-0.665865263675134	-2.3408475048437	-0.071759268399642	1.40332373036649	1.23169167407076	-0.949695026605205
Cypmic	Cyprichromini	ONF6_QAD3	1	0	F	-2.13967467038275	-2.61194078425983	0.662213143861136	1.61338257286572	-3.14178185465431	-0.652263249528951	-0.691076740629271	-0.655971440112667	-1.47260843289306	0.890492998213046	1.23169167407076	-0.949695026605205
Cypmic	Cyprichromini	ONF7_QAE4	1	0	F	-1.34622487293828	-0.862559193314699	0.95782789457452	0.459798927514359	0.660907058611332	-1.20546095155043	-0.141392895440389	-0.29188455264482	0.922227176942705	0.591440692031051	1.23169167407076	-0.949695026605205
Cypmic	Cyprichromini	ONF4_QAB1	1	0	M	-1.27072214449003	-1.14511378722109	-0.302441537596196	0.223224074232482	0.943214821478286	-0.706960651158678	0.211992058860537	-0.322344833600277	0.587951777994052	3.85142299980465	1.23169167407076	-0.949695026605205
Cypmic	Cyprichromini	ONF2_PZH7	1	0	M	0.375763318307569	0.0254557252195706	-0.277219380962856	0.0444936695518885	0.0836076341834283	-1.61101776442672	-0.760072457332844	-1.64840204465875	-1.47323823940037	3.61348028619088	1.23169167407076	-0.949695026605205
Cypmic	Cyprichromini	ONF3_PZI8	1	0	M	-0.0162591734169573	-0.147392473737007	-0.459415656530334	0.751773070708648	-0.842411122630008	0.0750119483872763	-0.156023107039541	-0.652255596521277	-0.628580654951525	4.20979155194582	1.23169167407076	-0.949695026605205
Enamel	Ectodini	OMA1_QCD3	0	0	M	0.79837321140716	0.816480531119885	-1.29098264319512	-0.380709234484177	-1.81979367741152	-0.622130693349759	0.124976334610522	-1.29230864289065	-1.34423190635513	-0.161953095512504	-0.497058470799046	-0.255614392587362
Enamel	Ectodini	OMA4_QCG6	0	0	F	-3.44055287104259	-3.96430950273397	-0.453660914209489	-1.40756592210694	0.60548345072946	0.235337018771505	0.730047290875656	-0.151998580277093	0.386691623081159	-0.543164523844304	-0.497058470799046	-0.255614392587362
Enamel	Ectodini	OMA2_QCE4	0	0	M	0.871479013524011	0.784878486915308	-1.15594116231444	-0.980490467062821	-0.442114404662519	0.772253587307253	-0.661159622929699	-0.357663016055662	-1.11113951054186	-0.00914779288123933	-0.497058470799046	-0.255614392587362
Enamel	Ectodini	ONI9_QCC2	0	0	M	0.527456496454034	0.50235327855362	-1.09595829870975	-1.90671120405043	-4.12113426592478	0.123500323797937	-0.187377145088786	0.625578903281133	-2.21452896702439	-0.717431876247414	-0.497058470799046	-0.255614392587362
Enamel	Ectodini	OMA3_QCF5	0	0	F	0.0471001363891966	0.36750429950621	-0.719802607252367	-0.872066723934866	-0.514170836581499	-0.443635836039818	-0.234863677557896	-0.774879104734702	-0.804790828667032	-1.7906931679948	-0.497058470799046	-0.255614392587362
Enamel	Ectodini	OMA5_QCH7	0	0	F	-1.14863036510873	-0.448425722560977	-0.700064985229622	-0.913998861601073	-0.596205287014031	-0.670480374015139	0.622277667012522	-0.669696663114586	-1.03226047699561	0.875967724715652	-0.497058470799046	-0.255614392587362
Erecya	Eretmodini	ISG1_JOE1	1	1	F	0.576444864710558	0.17468526445662	0.849760403298996	0.70766481482533	1.29541197787867	0.415954903955629	0.460409349936759	1.31049100968277	1.21622862074791	0.552729060778416	-1.90178307202816	2.84364970253401
Erecya	Eretmodini	MUI3_LVH7	1	1	M	-4.17143329882624	-2.63879306998791	0.693013573812428	1.19286875128054	2.24225232902915	-0.712700527202682	0.353204364270906	-0.32731086142519	1.09879993592664	0.014507957084041	-1.90178307202816	2.84364970253401
Erecya	Eretmodini	MUE2_LRC2	1	1	F	-0.0597228306040253	-0.698413758537155	0.114886810431094	0.753068208270726	1.46261065930315	0.750121386308709	0.0258080255657629	0.939087578874603	0.315732688036319	0.108392074079084	-1.90178307202816	2.84364970253401
Erecya	Eretmodini	LNA3_LWI8	1	1	M	0.8867581792393	0.671248704174019	0.515257529073634	1.26265843294639	1.49763879367494	-0.629551472319301	0.485477777207734	-1.44317255764305	0.807407071515166	-1.7906931679948	-1.90178307202816	2.84364970253401
Erecya	Eretmodini	MUI5_LWB1	1	1	M	-2.41417675050352	-1.662999094758	1.16138317881486	0.888373404908855	1.5999878992107	-0.404948139227095	-0.0541434201172981	-0.381655837455061	0.861250305225722	1.08379155770433	-1.90178307202816	2.84364970253401
Eremar	Eretmodini	JXF8_KOI6	1	1	M	-0.139021702896155	0.0520898845844268	1.33663980585479	2.10336134085351	2.52108595093827	1.51865410934542	-0.439550158906403	-0.810597236647995	-0.139206846914507	-1.7906931679948	-0.426193580961639	1.03968855125854
Eremar	Eretmodini	JXF4_KOH5	1	1	F	-0.238119726138482	-0.515457273409384	1.39015248122669	0.209299495402396	1.7605944992678	-1.31123696099495	-0.34148681018991	0.455438477799285	0.69711439072039	0.334232621163071	-0.426193580961639	1.03968855125854
Eremar	Eretmodini	JXG2_KPA8	1	1	F	-0.964687654360114	-1.12174917663912	1.19154984654968	1.70587037852998	0.236317322479088	-0.125347087850999	-0.698308052614739	0.181066720219036	-0.494655633513921	0.142876369412469	-0.426193580961639	1.03968855125854
Eremar	Eretmodini	ONB2_PVI8	1	1	M	0.886490303938443	0.826609824024844	1.18603912053015	1.39338070967658	1.80189791811702	-0.259412405665893	-0.0584933669108796	-1.26797087270151	0.31223651891473	0.664301351787755	-0.426193580961639	1.03968855125854
Eremar	Eretmodini	JXE9_KOG4	1	1	M	0.311379593665666	-0.200498705524048	0.168541436797739	1.21628996018705	1.08642441560626	0.325144581724399	0.377944882744948	1.02416065931256	-0.0708211543927578	-0.635305426667736	-0.426193580961639	1.03968855125854
Eremar	Eretmodini	ONB1_PVH7	1	1	F	0.893514802850588	0.151039217707503	0.741466035657987	0.636431429387202	1.0012195903574	0.75840631373474	-0.551072384488625	-0.0443599718197435	-1.12172240799134	0.805520509556207	-0.426193580961639	1.03968855125854
Gnapfe	Tropheini	LPB5_NAI8	0	0	F	-0.573512152114216	-0.377884729376532	0.0894737144229701	-1.65160434538362	-0.385818971233775	-0.0767230544931573	-0.886957334582405	-0.99759254068815	-0.837040235483806	0.172381179862559	-0.116962340424589	-0.25906601818425
Gnapfe	Tropheini	MUF3_LSE4	0	0	F	0.378513926788045	-0.158321446481938	-0.119487957623402	0.232375629747655	-0.349799645248675	0.0526927964937802	-1.3279085035263	-0.6665844441798	-0.648889860154567	-0.6228312554477	-0.116962340424589	-0.25906601818425
Gnapfe	Tropheini	LNC1_MBI8	0	0	M	0.283925006278218	-0.0431210018935194	0.273447141719618	-0.151618811399137	0.861288706441194	0.112205266430861	-0.63586558019235	-0.438665615553967	0.458062049074116	0.191845547990126	-0.116962340424589	-0.25906601818425
Gnapfe	Tropheini	MUF2_LSD3	0	0	M	0.755451152333894	-0.469172153380685	-1.21299676939836	-0.485793086370892	-0.395192235128473	0.305733215409952	-1.03325494292423	-0.696817172052441	-0.691979256230893	-0.643272846011821	-0.116962340424589	-0.25906601818425
Gnapfe	Tropheini	MUD3_LZC2	0	0	M	0.0686887269219788	-0.561894929907423	-1.37919528977936	-0.033626520879279	0.171855696014056	-0.732606134190681	-1.05941802178714	0.526239150434373	-1.09560319111334	-1.7906931679948	-0.116962340424589	-0.25906601818425
Gnapfe	Tropheini	LNE1_MRC2	0	0	F	-0.139406230358148	-0.354364669481615	-0.0223319822877101	-0.0514787038053511	0.758553759056443	-0.166376726770021	-0.0959411001535868	0.14554824163031	0.410364338625417	-0.717051088273558	-0.116962340424589	-0.25906601818425
Hapmic	Perissodini	LPG9_NGB1	1	1	M	0.328927868719808	0.653683950200882	0.685454000258928	-0.686382018770207	-0.0566554667937777	-1.73471604254903	0.267770932714128	-0.176136965510791	-1.04389021046752	0.307909358764186	0.333760499417797	-0.45719918366072
Hapmic	Perissodini	IQB7_JIG8	1	1	M	0.688693708403046	0.964230224137551	1.07108113221308	-0.864714850858011	-0.716175354927969	-0.701062275474248	0.353398970014673	0.69401874956143	-1.06338178665783	0.989261045167333	0.333760499417797	-0.45719918366072
Hapmic	Perissodini	IQB8_JIH9	1	1	M	1.10087773607064	1.3521483307476	0.44573513034523	-0.316920593110448	-0.260081155375788	-0.145398556103013	-0.0173801284521645	0.646473807735123	-1.81415941251842	1.12006765435709	0.333760499417797	-0.45719918366072
Hapmic	Perissodini	IQB6_JIF7	1	1	F	-0.258377531021634	-0.011240222573041	0.698227840537895	-1.12909096019902	0.1101645991445	0.901979292495097	-1.127881222231	1.07060007966603	-0.42381784484675	1.04693080295938	0.333760499417797	-0.45719918366072
Hapmic	Perissodini	LOC5_NJI8	1	1	F	0.504450566761939	0.683455573561541	1.1636708041444	-0.0370772808331821	1.19735282400583	-0.102790342342795	-0.536602201683357	0.503510100511506	-0.473037542331535	1.56443523296184	0.333760499417797	-0.45719918366072
Hapmic	Perissodini	LOC6_NKB1	1	1	F	0.382860311858914	0.40477556944138	0.0676037920136224	-1.14908361032495	1.00830893155836	0.975608084564568	-0.85670716243715	1.62570192450862	-0.523139505676447	0.888484020537132	0.333760499417797	-0.45719918366072
Intloo	Tropheini	IPB6_JFF8	0	0	F	-1.46553531738195	-1.50912876160879	-0.418929160683804	-1.15573055575455	0.632290858065418	-0.0887158694202991	0.16589491174852	-0.132094489679893	-0.847967184775949	0.16510874790656	-1.67873387912807	1.06432472664603
Intloo	Tropheini	MUH7_LVC2	0	0	M	0.0717596399694885	-0.0369686579549028	-0.384659419140053	-0.305379232336238	0.796519097689186	-0.172822424489605	-0.761397840029187	0.539410772656572	0.25925406948634	0.989829796270267	-1.67873387912807	1.06432472664603
Intloo	Tropheini	IPF3_JGF9	0	0	M	1.20298538109338	0.781233358576552	-2.32131841924577	-1.0274596556176	-1.20367874418962	0.454270558828181	-1.00688544936609	0.962086063558735	-1.16688184493014	1.71005326053104	-1.67873387912807	1.06432472664603
Intloo	Tropheini	IPB2_JFE6	0	0	M	0.168744518939427	0.157199022786447	0.15164434413721	1.00049203104975	-0.0280131766204737	-0.0957797466567774	-1.02431853397912	0.206662492939496	-1.40141222497566	-0.199202240267735	-1.67873387912807	1.06432472664603
Intloo	Tropheini	IZI5_HAB2	0	0	M	0.115123289030361	0.607406429522048	-0.281696903493075	0.3359819172111	0.263581988805421	0.0651174416950201	-0.27151730675609	1.26520609408423	-0.313486714452333	0.523981189536669	-1.67873387912807	1.06432472664603
Intloo	Tropheini	MUH8_LVD3	0	0	F	0.613531603477449	0.0119112963795585	-0.994617805379457	0.0119704908770347	-0.274269468205018	-0.420160473316984	-1.04206945894258	0.209718465848384	-1.60148534384418	-0.0372416495566186	-1.67873387912807	1.06432472664603
Juldic	Lamprologini	MOH1_NWE4	1	1	M	0.857959261784515	0.867226327641131	0.273348317864154	-0.0844273698028123	-1.53325916898764	-0.67334831164362	0.971417653723237	-0.293255587504906	0.199436483597483	-0.626395162915333	0.251456622790313	-0.150634349485513
Juldic	Lamprologini	MOH2_NWF5	1	1	F	0.481095986072095	0.19419103397052	0.126405545913972	0.182046479817713	-0.0758761022846789	-1.06263018546856	0.573721656476601	0.649023512582028	0.489462185166366	-0.598190920199364	0.251456622790313	-0.150634349485513
Juldic	Lamprologini	MOG8_NWC2	1	1	F	0.362626372034478	0.118701604450852	0.653968277173304	0.631282508563658	1.68967007117044	-1.06067113694898	0.0878442253957606	-0.960914332588995	-0.777665923289708	0.211947091302915	0.251456622790313	-0.150634349485513
Juldic	Lamprologini	MOG9_NWD3	1	1	M	-0.303481929503221	-0.379020875361414	0.37091136467795	-0.54223438485347	0.314263470591082	0.421477727897179	1.9543028258389	0.894497970751906	1.22169326140274	0.556074752615112	0.251456622790313	-0.150634349485513
Juldic	Lamprologini	MOG7_NWB1	1	1	M	1.09411006269345	0.631343580191173	-0.0566057593513998	-0.516242454024445	0.803459758866554	-0.33813285236481	-0.399371049549579	0.239914486710024	-0.429641848789941	-1.7906931679948	0.251456622790313	-0.150634349485513
Julorn	Lamprologini	ISC7_JNG4	1	1	M	1.02549830303311	0.911535752933564	1.05410138696	0.972400812742555	-0.166365742726979	-0.755016104796	0.856297743880161	-0.604099123858503	1.28804152031644	-0.962525889676279	-0.00442868507124106	-0.160384367031115
Julorn	Lamprologini	ISB7_JMI7	1	1	M	-0.0627285525560287	0.28815726313902	0.435639873916435	0.0941594680977223	0.371135878590384	0.304913343120823	-0.682023275875544	0.29362782235897	-1.0696227704531	0.0182241288454469	-0.00442868507124106	-0.160384367031115
Julorn	Lamprologini	MUD4_LZD3	1	1	F	0.70999738828497	1.08125228469683	1.06115050161189	-0.585875757953377	-0.67295398662174	-0.946647622246465	0.215928440027701	0.214399802014124	0.160141521910025	-0.530535995976012	-0.00442868507124106	-0.160384367031115
Julorn	Lamprologini	ISC4_JNE2	1	1	F	0.396532301273708	-0.0194625750904603	1.34100715271368	-1.14614296948669	-0.00715069870990942	0.547634761574697	0.446621358016185	-0.342387079292016	-0.717411315426776	0.00276692965320687	-0.00442868507124106	-0.160384367031115
Julorn	Lamprologini	MUB8_LXF5	1	1	F	0.576165876952666	0.33825944054928	1.3478906121113	-0.766486471801814	-0.68455678797924	0.563901365234072	0.106527288143591	1.02265187879364	1.02581780504049	0.642118678651032	-0.00442868507124106	-0.160384367031115
Julreg	Lamprologini	MOG3_NVF5	NA	NA	M	0.904867037116407	0.342287836331493	-0.80260180530961	0.679689808035133	0.613712379647773	-0.0866500264937907	-0.70021464459321	-0.224539824139282	-0.692311949913492	-0.325877738035653	-0.000910360124100759	-0.344655485250294
Julreg	Lamprologini	MOF9_NVC2	NA	NA	F	0.744445761082972	0.439231313378972	0.142432183615149	0.915085874715807	0.87332805949441	0.292268178434862	-0.260811154498407	-0.109608511376625	-0.554928875894795	-0.249213740296434	-0.000910360124100759	-0.344655485250294
Julreg	Lamprologini	MOF7_NUH7	NA	NA	M	0.393930674256079	-0.323055828917012	-0.0427926233443927	1.02529916538488	2.48577203961533	-1.11865941337286	-0.748937617732349	-1.54236382931008	-0.736620118635689	0.239347957000146	-0.000910360124100759	-0.344655485250294
Julreg	Lamprologini	MOG2_NVE4	NA	NA	F	0.704677585183021	1.09857846476223	0.583146842612336	1.13808761965914	1.88104121758817	1.58156139452637	-0.187331844121633	-0.344223185803373	-1.09523074179518	-1.7906931679948	-0.000910360124100759	-0.344655485250294
Julreg	Lamprologini	MOG5_NVH7	NA	NA	F	-0.356337429012399	-0.378461085534613	0.442826748702636	0.411658710073876	1.3421968060282	-0.685706495573967	-0.218290908960522	-0.937573675615722	-0.470291016667654	0.236916561209108	-0.000910360124100759	-0.344655485250294
Julreg	Lamprologini	MOF8_NVB1	NA	NA	M	-0.74022271731301	-0.507504047227598	-0.0995340901306799	-0.232335199420104	1.68945160219603	0.305066792413835	-0.272988000466535	-1.66836440124117	-1.52396217524782	0.0183076618695433	-0.000910360124100759	-0.344655485250294
Lamkun	Lamprologini	ONE5_PZF5	1	1	F	-3.05759310174197	-3.0187271583239	1.64235205374013	1.70961426040231	-0.7058399205011	-0.974419789376137	-0.181034743602048	1.00016574618587	1.17579607928876	0.627042407505916	1.29402777768371	-0.71131469127676
Lamkun	Lamprologini	JXH2_KPD1	1	1	F	0.180489612625278	0.885289981424946	1.21326158144965	1.11471348148316	-0.335743160337864	0.329413375199418	-0.0338845368228872	-0.0818885380310153	-1.26578823512526	-0.501746932957913	1.29402777768371	-0.71131469127676
Lamkun	Lamprologini	OND1_PYB1	1	1	M	-4.17143329882624	-1.04883018675126	0.90882131541058	0.83614959881811	0.238508864030742	-0.212704428993824	0.273413015677134	-1.33580140891908	0.715099745670416	2.05974069175656	1.29402777768371	-0.71131469127676
Lamkun	Lamprologini	ONC9_PXI8	1	1	M	1.20083397153964	1.19361263113886	0.504128271505974	0.558982796388705	-1.30310439434004	-0.896469293827628	-0.397460987196618	-0.0811693100535925	0.478612413825704	-0.50132216463073	1.29402777768371	-0.71131469127676
Lamkun	Lamprologini	ONE4_PZE4	1	1	F	-0.473569455334723	-0.637021092114523	1.99712560465264	1.89477097376818	1.18229121309846	0.739111458991095	-0.384210633340297	-0.46599377773063	1.8470550696413	-0.318490608526318	1.29402777768371	-0.71131469127676
Lamkun	Lamprologini	JXG8_KPB9	1	1	M	0.493244584083009	0.919185940101481	1.22260854903654	0.985915765235521	0.282574721903042	0.119368787758261	0.101661890031749	-0.623696052103808	1.34630404617556	1.16685598816535	1.29402777768371	-0.71131469127676
Lamlem	Lamprologini	RKB7_QQG6	0	0	F	0.246723290673845	0.859048430089886	-0.496860842655307	-0.453070546957527	0.857666324393463	0.0470424907302269	0.973954954207378	-1.11538247478411	0.201986102514211	-0.625280203068814	0.243204513916765	0.328305719813704
Lamlem	Lamprologini	RKB9_QQI8	0	0	F	0.430893046617491	0.983734227779342	-0.234544985943195	-0.74305050893066	0.735080089125305	-0.931961520336402	0.967426429349374	0.38718535279597	0.309668455038061	-0.521981488058133	0.243204513916765	0.328305719813704
Lamlem	Lamprologini	RKB8_QQH7	0	0	F	0.134218186276237	-0.329141800702777	0.105231672584342	0.273527357367482	-0.0405307325527153	-0.254423817520341	1.63166178938915	0.479746021318415	-1.18546671395118	-0.285241975287343	0.243204513916765	0.328305719813704
Lamlem	Lamprologini	RKF3_QTE4	0	0	M	1.4213610917017	1.84827326607086	-0.929102706281986	0.124610008730947	-0.361170643128515	1.51207398809517	0.783202033568232	-0.295927916887232	-0.778849130059649	-0.373603407366107	0.243204513916765	0.328305719813704
Lamlem	Lamprologini	RKF4_QTF5	0	0	M	1.27640765144969	1.63503414411258	-0.0823016576448488	0.603577015860153	0.09518246065907	0.384284817783617	0.618135182485202	-1.64472000621402	0.460068293509514	-0.610950327247821	0.243204513916765	0.328305719813704
Lamlem	Lamprologini	RKA9_QQB1	0	0	M	1.38781059166773	1.35507694964756	-0.241931496241515	-0.864380755482238	0.217610310807662	0.35420898838834	1.43676772698241	-0.352972732573799	-0.41002795227586	-0.00548755586994432	0.243204513916765	0.328305719813704
Lamoce	Lamprologini	MPA4_NYI8	0	1	M	-2.00395051230225	-1.52047658107563	3.04138703517332	1.97990185864792	0.501106441398847	-0.729255512095394	0.656866837463856	-0.0168886678603688	1.62095285209372	0.00335094773577001	-0.351418575766885	-0.199439488780849
Lamoce	Lamprologini	MOI5_NXI8	0	1	F	-1.2119485543936	-0.654647313731294	2.83451522953969	1.07906669015321	0.739563260280861	-0.394190068701425	0.405608380306501	-1.55003207544366	1.63340118508885	0.716960643320194	-0.351418575766885	-0.199439488780849
Lamoce	Lamprologini	MOI4_NXH7	0	1	M	-0.184932684539449	0.098150491598744	2.50738557537547	0.0191211922974148	0.0531760554350233	-2.08290544499108	0.764162905239813	0.390319502433366	1.25339584641932	0.785951074636227	-0.351418575766885	-0.199439488780849
Lamoce	Lamprologini	LPI3_NHF5	0	1	M	0.0480996098701681	-0.766515538709781	1.52094858450415	1.53116730423576	1.57582399330937	0.697240869379612	1.51877326385337	-0.0453079918305589	-0.0217944076978894	0.231251488000512	-0.351418575766885	-0.199439488780849
Lamoce	Lamprologini	MPA2_NYG6	0	1	F	-0.538764501611045	-0.415221711826762	2.52078155875982	1.80399711129461	0.0890735568717789	-0.471741619966284	0.879007454863703	-0.519368776442008	1.39103727520847	1.33394410174925	-0.351418575766885	-0.199439488780849
Lamoce	Lamprologini	MPA3_NYH7	0	1	F	-1.27827698646815	-1.20113329138306	2.70543827702292	0.977905402193411	1.16668956289784	-0.805291520168291	1.16477378016449	-0.407436969432634	0.653061671931225	-0.693453023054856	-0.351418575766885	-0.199439488780849
Lchaur	Limnochromini	LNI6_MZD3	1	1	M	-0.916914987685945	-0.960691532283482	1.31136875690897	-0.177396529067734	-2.25402546225033	-2.11358956566202	-0.403526957007634	0.915119945530071	-1.82097802563593	0.244941303857756	0.920417627932473	-0.654188856087942
Lchaur	Limnochromini	RLC7_QIE4	1	1	M	-0.530632973375922	-0.903152229097689	-1.23643122775869	-0.423019210664313	-0.0993659739958424	-0.254357770119801	0.357156029967748	-1.09583414253554	-0.619184943007942	-1.7906931679948	0.920417627932473	-0.654188856087942
Lchaur	Limnochromini	RLC3_QWH7	1	1	M	0.69435259283109	1.22303161582039	0.243816917560683	-0.184887851578482	0.762093711826704	-0.849087110726516	-0.87480010028519	0.148357930302825	0.141291200459136	-0.07786150774931	0.920417627932473	-0.654188856087942
Lchaur	Limnochromini	RLC6_QID3	1	1	F	0.662774149370085	0.520066793934775	-0.194934565056409	-1.08098509567445	-0.361814611556237	-0.863284076261318	-0.784656267601657	0.613407537120415	0.195176598933325	-0.722861467510395	0.920417627932473	-0.654188856087942
Lchaur	Limnochromini	RLC5_QIC2	1	1	F	-0.930849719006886	-0.956842472198562	0.388174020143538	-0.129704705657134	-0.650779511863908	-0.256913064226023	0.102972436189947	0.314412353462255	0.115200758330373	0.316291924856246	0.920417627932473	-0.654188856087942
Lchaur	Limnochromini	RKI2_QUE4	1	1	M	0.524711360310177	0.668695751842745	1.12647625105619	-0.695594243534926	0.867803638387474	-0.0359512511547889	-0.702063282025463	-0.440140930279013	0.49688151388661	-1.7906931679948	0.920417627932473	-0.654188856087942
Lepatt	Lamprologini	LNG1_MSI8	1	1	F	1.344497773064	1.26204924403387	1.59513726977354	0.950290339478073	-0.712389535718805	-0.075964208035603	0.761885226998101	-0.748625824867239	0.504571840138013	-0.0279160319187673	0.571114581265741	-0.643830767095447
Lepatt	Lamprologini	LNG5_MTE4	1	1	M	1.10841505986519	0.921390058572442	-0.350755616480508	0.735711525747514	0.912149332216761	0.827660650006769	0.969423014637697	0.189685454298261	-0.155608948731469	-0.543895923941013	0.571114581265741	-0.643830767095447
Lepatt	Lamprologini	LNF7_MSF5	1	1	F	0.073520088543826	-0.462147364313827	0.75509907520117	1.00631047871598	0.0350620294534366	0.460508666216164	-0.424775009298952	-0.400415000881853	0.0535718702092228	0.277942833224475	0.571114581265741	-0.643830767095447
Lepatt	Lamprologini	LNF4_MSE4	1	1	M	1.06229581652762	0.496813679362061	1.10918223222895	0.709398556293362	-1.32791380216738	-0.0535776452400799	-0.174654095735233	-2.3408475048437	1.56174081811107	1.04528752091734	0.571114581265741	-0.643830767095447
Lepatt	Lamprologini	LNF8_MSG6	1	1	M	1.1304550732061	0.922325027450864	1.26521581332833	0.0268336038970698	-0.0599678204849836	0.221137063397068	0.570742706117739	-0.380829124708572	0.691280769215878	-0.027247602737412	0.571114581265741	-0.643830767095447
Lepatt	Lamprologini	LPD2_MYH7	1	1	F	-1.32111902890084	-1.88932365773324	-0.576756274197245	0.749794190029231	3.09451354730819	1.96487103660671	-1.84960675074583	-1.50342040260648	-2.61797043863804	-0.965362310668723	0.571114581265741	-0.643830767095447
Lepelo	Lamprologini	LOA9_NID3	1	1	F	0.883238094612604	0.903135773534625	0.413540589379675	-0.0217635972310519	-0.41114997467291	-0.344490109364734	-0.761627108657986	-0.334131657849219	0.929546603241176	1.13001511770908	0.994846752217394	-0.179183468542484
Lepelo	Lamprologini	LNG4_MTD3	1	1	F	1.34509173598539	0.857504745561594	-0.0297699385584512	1.24523975091127	0.0766168007825622	-1.71973769017835	-0.387102299717397	-1.19849918789842	0.258880308647657	-1.7906931679948	0.994846752217394	-0.179183468542484
Lepelo	Lamprologini	LNG3_MTC2	1	1	F	1.12788820234699	1.03138512160016	0.219608853723489	0.110318912679449	-1.08828220641642	-1.28683815899277	-0.0377065058873211	-1.47123563878819	-0.16081046377855	0.356137352093243	0.994846752217394	-0.179183468542484
Lepelo	Lamprologini	LNG7_MTG6	1	1	M	1.06293107018121	0.830913147662887	0.0273988639629221	1.36807794765386	-0.764740017906745	0.395685892489413	-0.732846471834661	-0.298829441441731	0.843016270660512	0.585318288226277	0.994846752217394	-0.179183468542484
Lepelo	Lamprologini	LPG2_NFC2	1	1	M	0.964189263701123	0.896980900929891	0.11984430280019	-0.550546336957432	-0.30012727826575	-1.06622692029691	-1.68936803919307	-1.63693163595586	0.484633024462541	0.914455956948791	0.994846752217394	-0.179183468542484
Lepelo	Lamprologini	LNC2_MCB1	1	1	M	0.666418850107538	1.25545281593816	0.557499265986623	1.12302660657614	0.0415673098729538	-0.68882166894409	-0.620149467434258	-2.3408475048437	0.609811163063164	0.357646199126578	0.994846752217394	-0.179183468542484
Loblab	Tropheini	LPE3_NDB1	0	0	F	-0.101352315931053	-0.30224578286201	-0.741360812159307	0.215464837203322	-0.66183786398953	-2.16232183702533	-0.19491679639256	-0.121319369524071	-0.835589088426044	-0.525049011266237	0.690680962897439	0.652722757397934
Loblab	Tropheini	MUC2_LXI8	0	0	M	-1.06557525742237	-1.43983268394364	-0.859751461737077	-1.0888645778758	1.34118778002795	-0.31494720641528	-0.831615023824155	-0.745780243617235	-0.67821033262707	-0.318059237600452	0.690680962897439	0.652722757397934
Loblab	Tropheini	ISD8_JOA7	0	0	M	-0.744843031632202	-1.45482059958294	-0.603854306864137	0.191336705282553	1.1891827918259	-1.58013777908189	-1.09754736604138	0.659163921233267	0.500591750308583	-0.593341401432115	0.690680962897439	0.652722757397934
Loblab	Tropheini	LPE2_NCI8	0	0	F	0.0508758554192234	0.624843641799728	-0.26796382585114	-0.430890480464791	0.601344831190279	-0.263752532324817	-1.22044530945335	-0.65206684675762	-1.46776552546098	0.0585864539191847	0.690680962897439	0.652722757397934
Loblab	Tropheini	LOH7_NPE4	0	0	F	-0.792597240282723	-0.959883313997466	0.142853554101279	-1.43365148958524	1.22571544898672	-2.31902274798279	-0.822525120615783	0.157429125712538	-0.244064503719917	-0.711192015696369	0.690680962897439	0.652722757397934
Loblab	Tropheini	ISF2_JOC9	0	0	M	0.143500412699407	-0.304087996543016	-0.0338908609760781	-0.0867950364167568	0.80263770318901	-0.0465199155765393	-0.815154189091699	-0.360115639795315	0.260186782029481	0.312323811303213	0.690680962897439	0.652722757397934
Neobre	Lamprologini	MVH5_PSI8	1	0	M	1.03827354636005	1.21651195316491	1.11240955622466	0.977630681184506	0.234197560137473	0.30188037013357	-0.00356151168723941	-0.781142084247593	0.249451020570185	0.40033683612846	-0.147597802537546	-1.04785520792856
Neobre	Lamprologini	MVH3_PSG6	1	0	F	1.76297152733691	1.51868931451187	1.84938261757257	1.30021128656237	0.241095983968899	2.03140111782244	2.25749823224373	-0.949663484232064	1.98816834696972	0.566902035609559	-0.147597802537546	-1.04785520792856
Neobre	Lamprologini	MVH8_PTD3	1	0	F	0.855895260683214	0.67378810915766	1.8161180354849	-0.0576409370740932	0.750733128172594	2.08619695173681	1.20004872574469	0.062707543960805	2.16407502330374	0.0596096715490086	-0.147597802537546	-1.04785520792856
Neobre	Lamprologini	MVH2_PSF5	1	0	F	0.662807393723493	0.930157247048578	1.46590308258803	0.995676923931253	-0.0554293016665412	-1.69211259724343	0.37525407555075	-0.377537925506721	0.0850045425694884	-0.428268443844674	-0.147597802537546	-1.04785520792856
Neobre	Lamprologini	MVH6_PTB1	1	0	M	0.982315110093113	0.690251429548348	1.50369099824982	0.520153919326487	-0.958671881926498	1.22896133116291	0.753415427720091	0.243243305155207	0.0336937403357306	-0.788335813682033	-0.147597802537546	-1.04785520792856
Neobre	Lamprologini	MVH4_PSH7	1	0	M	0.308174013656449	0.672053328063827	1.07183064291488	1.05267499585169	-0.0784343412520216	1.68019764627287	0.829971830907134	-1.40982647431166	0.630712875556331	-0.881430436106274	-0.147597802537546	-1.04785520792856
Neobue	Lamprologini	MPC9_OBF5	0	0	F	-0.0923598933950494	0.363272986210761	-0.691785953654409	-2.15406685841108	-0.998178925868022	0.197735530295562	-0.772558513175957	-0.76193325743281	0.997630700404218	0.41996021274076	0.396154240239464	-1.20291529356888
Neobue	Lamprologini	MPC8_OBE4	0	0	F	0.308924828609579	1.07154077823512	1.22007532008273	-2.35421473919921	-0.16788054266223	0.556341132176487	-0.755051915178145	1.01585436106256	1.35416556357155	0.637562146560551	0.396154240239464	-1.20291529356888
Neobue	Lamprologini	MPC6_OBC2	0	0	M	0.0745106441021352	0.555616329735911	0.345659659936831	-1.7859229723814	-0.0193422926695841	0.619258733761364	-0.896221915627413	-0.93021274290003	1.66602620410486	0.244757966017814	0.396154240239464	-1.20291529356888
Neobue	Lamprologini	MPC4_OAI8	0	0	M	0.633038641779464	0.36520463909966	0.508371965878467	-0.694953857974682	0.0973881347213532	0.748823287168928	-1.49519914089704	0.746502505024588	0.49773662370673	0.665836459227033	0.396154240239464	-1.20291529356888
Neobue	Lamprologini	MPC7_OBD3	0	0	F	0.19039610349529	0.836977841469955	0.426298923099724	-1.40599547172678	0.957212559391944	0.592014345641256	-0.449422602008359	0.193062584263944	0.960109883456152	0.573091728073478	0.396154240239464	-1.20291529356888
Neobue	Lamprologini	MPC5_OBB1	0	0	M	0.215559807771849	0.315350395633044	0.307597363758386	-1.89331994798241	0.57327892300305	0.41387912556659	-0.339171693258775	-0.4313066448567	0.189880660976013	-0.873227446897649	0.396154240239464	-1.20291529356888
Neocau	Lamprologini	IQA5_JID5	1	1	M	0.0292512693561668	0.165858913933322	1.12751843306598	1.63658713936118	-2.30986076192025	-0.0408321131484336	1.17107646628806	-2.3408475048437	1.57559802629112	-0.508966523328054	-0.262257850324382	-1.35380911409167
Neocau	Lamprologini	IQA4_JIC4	1	1	F	1.12609947069407	0.99469926543825	0.543071007303608	1.28524161799385	0.556740051054547	1.54655532850229	1.87447449198888	0.54926160044758	0.604340338217488	0.186657339903266	-0.262257850324382	-1.35380911409167
Neocau	Lamprologini	IQA3_JIB3	1	1	M	0.493752226867366	0.564433567676188	0.828648369343778	1.19549292557846	-2.29015371136752	-0.885625586045556	0.557911060169714	-0.960771256853888	0.9295305757415	0.212100657512769	-0.262257850324382	-1.35380911409167
Neocau	Lamprologini	IQA8_JIE6	1	1	F	-0.772927561682717	-0.327175556520769	0.375772683938216	1.31430681122554	-0.170834264911355	0.585799624460885	1.65227492853207	-1.13296133527941	1.26273481549445	0.0226505671589412	-0.262257850324382	-1.35380911409167
Neocau	Lamprologini	MUH2_LUF5	1	1	M	-0.278395657446571	-0.171738017029305	1.03348055575393	2.06006701012363	-0.887171335392978	-0.310390439859796	0.981800651216201	-1.66193410814185	0.405062270490176	0.498591863664493	-0.262257850324382	-1.35380911409167
Neocau	Lamprologini	MUH3_LUG6	1	1	F	-0.288448558320325	-0.0709110434403897	1.57197051291792	1.71119406514618	-0.23156658806695	0.176606793005046	1.2155398048547	0.143357473315158	0.950531611049723	0.594957242908723	-0.262257850324382	-1.35380911409167
Neocyg	Lamprologini	LFE2_KXD3	NA	NA	F	0.645734520867573	0.434886817757595	-0.780957178362922	-2.11176782810538	-0.529715404511655	1.97224820334837	0.263422523166182	-1.39612903038949	-1.53804199496163	1.95149811160524	0.153890649649064	0.0640221724713856
Neocyg	Lamprologini	LFD9_KXB1	NA	NA	M	0.957570880609896	0.150618888065252	0.104309700429301	-0.30348400822001	0.799000809460993	0.069287126967948	0.460079445343007	0.349564341972894	-1.18603384977928	1.13186350696482	0.153890649649064	0.0640221724713856
Neocyg	Lamprologini	LGG3_KXG6	NA	NA	M	0.709627056875842	0.586897742748586	-0.371280308997357	-0.784072778399404	0.1965641945039	1.98726008520399	0.60934911318939	-0.326720068195222	0.581844117111785	0.842691726848866	0.153890649649064	0.0640221724713856
Neocyg	Lamprologini	LFE3_KXE4	NA	NA	F	-0.764348176855746	-0.902794627236681	0.0325141647574581	-1.83182191179409	0.101167843227102	-2.06214819779051	0.890881382159633	0.0699966295041862	-0.219442942201776	0.818265668819483	0.153890649649064	0.0640221724713856
Neocyg	Lamprologini	LFE1_KXC2	NA	NA	F	-0.481224797230104	0.189446673133281	-0.408513263647682	-0.424287515932082	0.468418066989006	1.58331271536749	0.834692513525714	-0.126109217379737	-0.452357500732787	0.654153690612389	0.153890649649064	0.0640221724713856
Neocyg	Lamprologini	LGC6_KXF5	NA	NA	M	0.693051782841728	0.18588267517543	-0.256866269806723	-0.6678542740296	1.50729673111188	2.18288447286199	2.13885352146121	0.422877683664526	0.533883058352363	-0.201627844774931	0.153890649649064	0.0640221724713856
Neocyl	Lamprologini	LPD5_NCC2	1	1	F	-0.265867065236523	-0.189699500211093	-0.0689204679764895	0.357127775392487	-0.0948699059510567	-1.07712556388778	-1.81469978492396	-0.350189768365673	-0.290083633843516	0.198874212950421	0.336866670060355	-0.410899248773567
Neocyl	Lamprologini	LOA3_MXD3	1	1	M	-0.0955541558632886	-0.248700286468427	-0.784229967050384	-0.0252436599492784	0.350590620810054	0.283901932598926	-0.765294341119777	0.276362913730865	-1.08691358804637	1.12705782853374	0.336866670060355	-0.410899248773567
Neocyl	Lamprologini	LOA2_MXC2	1	1	F	0.353192449411057	0.117022512931297	-0.400016398709425	0.288820324876289	-0.0659903029056867	0.42582401916582	-1.91471148626876	0.393104698515119	0.273562254148258	0.92458267352997	0.336866670060355	-0.410899248773567
Neocyl	Lamprologini	LPD6_NCD3	1	1	M	0.324436025579583	0.178367588164839	-0.265515352800093	-0.42946547617443	0.603219750060761	0.0771235862346595	-1.49924077825376	0.619605348515592	-0.302167491727202	0.895848002583339	0.336866670060355	-0.410899248773567
Neocyl	Lamprologini	LPD4_NCB1	1	1	F	0.5187096596015	0.403977001967815	-0.953187702355211	0.712880728020962	-0.202803341321897	1.50907184064914	-1.39806804994616	0.167976611844778	-0.895224656669582	0.133689942823544	0.336866670060355	-0.410899248773567
Neocyl	Lamprologini	LPG4_NFE4	1	1	M	0.224418871424107	-0.148364103806317	-0.026432423269686	-0.879069880278643	0.186084370196783	1.2503920668209	-1.31149474234498	-0.255399014682861	-0.166812652668839	0.276635290490432	0.336866670060355	-0.410899248773567
Neofur	Lamprologini	IPF4_JGH1	0	0	F	-0.121608845901827	-0.0878365726406224	-0.27344384344358	-0.67716375197991	-4.12113426592478	-0.201798451796325	-0.696797443715654	-1.0669902979275	-0.241667034983303	0.096374076762347	0.203422020433994	-0.425188320571072
Neofur	Lamprologini	LOH2_NOG7	0	0	F	-0.220121677027119	-0.63407476202612	-0.27282700837003	0.183716822436643	0.384701692588125	0.981804011764275	-0.696396984600444	-0.312834896921923	0.354348240981	0.572952603137357	0.203422020433994	-0.425188320571072
Neofur	Lamprologini	LPC6_MYC2	0	0	M	0.0482543996486242	0.173551243957593	-1.63022898801357	0.443864519277919	-0.410505410316433	-1.6573167449545	-1.47121379174162	0.28054369781314	0.572171324354044	0.475619869667031	0.203422020433994	-0.425188320571072
Neofur	Lamprologini	LOH1_NOG6	0	0	F	-1.21507198388715	-1.46485713105972	0.0165004775321132	-0.68639131398429	0.731932100093336	0.680308446161531	-1.38435766784429	-0.951483796404918	1.90018704936611	-1.7906931679948	0.203422020433994	-0.425188320571072
Neofur	Lamprologini	MUF9_LTC2	0	0	M	0.404447447759429	0.14817478010956	-0.401312978114615	0.603450495525356	-0.979045260981484	-0.937885494873912	-1.93641024469319	-0.522173130926237	-0.116589189100091	-0.52543204532364	0.203422020433994	-0.425188320571072
Neomod	Lamprologini	MUE3_LRD3	0	0	F	0.672590540845368	0.154835968173091	0.96442361972242	-0.566845416100362	0.301485228372057	0.289737903625587	-0.716437848621974	-0.512980693647668	-0.434769569468531	-0.519245531665912	0.562052368276518	1.46115547260068
Neomod	Lamprologini	IQA1_JHI1	0	0	M	0.150195554504267	-0.284793854265811	0.0586963172441811	-1.20741183844335	1.28672429636976	-0.660337097642682	-0.108784274717531	1.61886916468822	-0.20117196033895	-0.795210352955507	0.562052368276518	1.46115547260068
Neomod	Lamprologini	MUC4_LYC2	0	0	M	0.53303833917637	0.292240792798454	1.23563976393337	-1.54411301157451	0.827614545658181	-0.316808882044772	0.424024743019936	-0.254719018698605	0.758458702486644	-0.166102507480772	0.562052368276518	1.46115547260068
Neomod	Lamprologini	IQA2_JIA2	0	0	M	-0.000445681784296816	-0.491911488476684	-1.43151189020884	-2.55368303329039	-2.65363808641437	-0.249359557163419	-1.10830116961299	0.754311666019009	-0.927038564148354	-0.752348243377677	0.562052368276518	1.46115547260068
Neomod	Lamprologini	LND4_MDE4	0	0	F	-0.92003862237773	-1.04851230185274	0.262546261998781	0.869515118362847	0.223789605482297	0.802180211348417	-0.637572287164925	0.984170544304772	0.589749632770895	-1.7906931679948	0.562052368276518	1.46115547260068
Neomod	Lamprologini	LND5_MDF5	0	0	F	-1.57655856673441	-1.81275319529933	1.21120039457348	-1.17223904754195	0.607540973296198	0.831709198869268	0.803778032853508	0.495103732065512	1.63885894042125	-0.542264174143911	0.562052368276518	1.46115547260068
Neomul	Lamprologini	MOI1_NXE3	1	0	M	0.162862546055629	0.828433314893401	1.27417622616844	0.608621081456227	0.525879714311743	0.809085390806823	2.25675588316889	0.424930455134979	-0.468442537188308	0.582086421031049	-0.613546108108279	-1.85002545376018
Neomul	Lamprologini	MOI9_NYE4	1	0	F	-1.84682004798488	-1.75568454847498	1.3407323601531	0.622526447673061	-0.170412462938486	0.835846482921235	1.69379317299294	0.300701978916023	0.954635880766287	0.0228958062973223	-0.613546108108279	-1.85002545376018
Neomul	Lamprologini	MOI6_NYB1	1	0	F	-1.52604889758849	-1.17176586845201	1.43415857338669	0.378622146811203	-0.806178734332234	-0.612984871682449	2.02832450492324	-1.08049352157405	-0.592030028417487	0.555964195284823	-0.613546108108279	-1.85002545376018
Neomul	Lamprologini	MOI7_NYC2	1	0	M	-1.58419993827974	-2.00924140366253	1.78106652412887	0.371701866063055	-1.82853410011698	-1.52144035800803	1.92020939596361	-0.164411751581766	-1.35372300213296	-0.550489883592075	-0.613546108108279	-1.85002545376018
Neomul	Lamprologini	MOI2_NXF4	1	0	M	-0.0459487508116239	1.16071849681359	1.94508855287996	1.83633525322932	-0.729729183510583	0.468470504912407	1.54289065196732	1.45634642350199	0.841736028250024	0.778739936943068	-0.613546108108279	-1.85002545376018
Neomul	Lamprologini	MOI8_NYD3	1	0	F	-2.65511083487271	-3.06973227376014	1.74557074644733	1.01043987717419	-0.124736880956546	-1.09981691693025	2.63424003551536	-1.65125391794021	1.31244894889013	0.52033070574978	-0.613546108108279	-1.85002545376018
Neonig	Lamprologini	ONH4_QBF5	NA	NA	F	0.261932726874602	0.0661712775602895	-0.56455655021861	0.0809910892483073	0.320608954567945	0.667476777817153	1.58551347005167	-0.56330745637414	1.03176742714	1.14423220217464	0.363057309970983	-0.346172109959523
Neonig	Lamprologini	ONH1_QBC2	NA	NA	M	0.268298306381898	-0.127664380277229	0.363040021329871	-0.565736243739429	0.706176059489467	1.34582496884875	2.25094323603283	-0.0768225667214644	1.41664032170049	0.777879226892948	0.363057309970983	-0.346172109959523
Neonig	Lamprologini	ONG9_QBB1	NA	NA	M	0.746754961632091	-0.0179827601840292	-0.366355523747441	-0.29127161863351	0.0770719999402296	2.06696783741279	1.30737382376027	-1.82939984917357	2.04612672756403	1.18168975727915	0.363057309970983	-0.346172109959523
Neonig	Lamprologini	ONH3_QBE4	NA	NA	F	0.0957150549971614	0.0945859377862744	0.225173763068962	0.0731997279130217	0.55228705851039	1.35156989887681	1.30885379110219	-0.85043138349297	0.992313288900213	0.328766642052815	0.363057309970983	-0.346172109959523
Neonig	Lamprologini	ONH5_QBG6	NA	NA	F	0.948412421950466	1.16781722320905	0.729785447845872	0.36053431333677	0.336346033026193	1.42709869318969	1.95613525800147	-0.640068140721577	1.48885349005537	1.76965042976549	0.363057309970983	-0.346172109959523
Neonig	Lamprologini	ONH2_QBD3	NA	NA	M	0.46048931470099	0.991791396353976	0.663551549222209	0.762140335011521	0.685701372026978	1.38855997923501	1.42093544864405	0.85161906027333	1.14338328514086	-0.791168100007196	0.363057309970983	-0.346172109959523
Neopul	Lamprologini	ISA7_JMA9	1	1	M	0.861126801080756	0.12023270032321	-0.575282314888982	-0.910564114337616	-0.101888538112917	0.313931586038237	-1.65094712758324	-0.977021646504191	-0.80365005658689	0.681780016701758	-0.163133313151714	-0.868851063314321
Neopul	Lamprologini	ISB4_JMF4	1	1	F	0.785870193566914	-0.56007889192241	0.313913917969071	-1.16469039664009	-0.163334856039026	0.248680005148303	-1.07937638679109	0.201880479733677	0.627638990758186	1.01136707879671	-0.163133313151714	-0.868851063314321
Neopul	Lamprologini	MUH4_LUH7	1	1	M	0.551536017104121	-0.0636413830481781	0.2143862437945	1.63396958607316	-0.298545117157728	0.688585670956253	0.0571608163951587	0.300645947921691	-0.0294024438266857	1.09217899679802	-0.163133313151714	-0.868851063314321
Neopul	Lamprologini	LOE4_NLI8	1	1	F	0.304947865888196	0.0339585234394497	0.171949449267656	-0.879500198019579	1.13818701470787	1.07077233149288	-0.576194325213288	0.87533255909723	0.600363688587089	1.14999627225301	-0.163133313151714	-0.868851063314321
Neopul	Lamprologini	MUH5_LUI8	1	1	M	-0.0874991699039174	-0.639339234145801	-0.970913329211618	0.205908860850228	-0.0182283965854132	1.01196905992645	-0.334817982547062	0.915908027856252	0.778724058917837	1.11417068236198	-0.163133313151714	-0.868851063314321
Neopul	Lamprologini	ISB3_JMG5	1	1	F	1.22118638257084	0.77669742102032	-0.108260526064046	-0.390987374405863	-0.279421413926308	-0.216032909037999	-1.09281384687757	0.664383577351662	0.899299184783497	1.22699877344284	-0.163133313151714	-0.868851063314321
Neosav	Lamprologini	LOC9_NKE4	1	0	F	0.467173220923504	0.362053170364806	0.197644595629562	-0.657681142963096	0.581683056458494	1.87100826987053	-0.323719671760359	0.107080479563763	0.36364805643071	-0.105215837055163	0.317228465021547	-0.0671406310648379
Neosav	Lamprologini	LOC3_NJG6	1	0	M	0.500133244987778	0.48778864569318	-0.0899293238801921	-0.271199867367891	0.81057712612943	0.87865302427409	-0.649502480268282	-1.57984829520486	0.866025891236219	0.175600148482889	0.317228465021547	-0.0671406310648379
Neosav	Lamprologini	LOC2_NJF5	1	0	M	0.138071931504075	-0.215796807935371	1.15142725922231	-0.664353605965965	1.15125872419447	1.54576969827055	-0.331689061234562	-1.24830367605598	1.15071984696033	-0.739517528438037	0.317228465021547	-0.0671406310648379
Neosav	Lamprologini	LOC8_NKD3	1	0	F	0.0651222518586287	-0.408155696700893	-0.40661894772071	-0.886821256488574	-0.720578278613307	1.05921874576298	-0.801993163706467	0.00610837114129862	1.02988855987795	-1.7906931679948	0.317228465021547	-0.0671406310648379
Neosav	Lamprologini	ISA8_JMC1	1	0	M	-0.118390914983029	0.0977429831138505	1.02115137368773	0.312039358412589	0.523490769728607	1.20301941321923	-0.053373629482616	1.03710335261814	0.416831790328024	-0.262054748476951	0.317228465021547	-0.0671406310648379
Neosav	Lamprologini	LOC7_NKC2	1	0	F	0.104397086395465	-0.255642372818155	0.904782340902476	-0.239342094230075	0.374012809318842	1.28857959934675	0.0563207957413547	0.419387450365269	-1.19742716810205	-0.0658890551981837	0.317228465021547	-0.0671406310648379
Neotet	Lamprologini	IPG6_JHD6	1	1	M	0.734343034174784	0.320632126886161	-0.67038795113242	-1.23707339917291	-1.04765061801601	0.140456526036963	0.391748844805824	1.70327137438214	0.610788218684421	0.38491755908499	0.262712926039227	0.524803140336851
Neotet	Lamprologini	MUD2_LZB1	1	1	M	0.2006864567022	0.104229724588956	0.066040111482171	-0.629476786395791	0.650276655322252	-0.199150908153528	-0.231270022817289	0.333056583039259	-0.32754907458888	-0.255267829826574	0.262712926039227	0.524803140336851
Neotet	Lamprologini	IPG3_JHC5	1	1	F	0.480028469518724	0.000428775423124466	0.818306228495305	-0.405220716180273	-0.172164896598771	0.143664609759492	-0.533579136945836	0.413957707195928	1.09028787471119	-1.7906931679948	0.262712926039227	0.524803140336851
Neotet	Lamprologini	MUC9_LYH7	1	1	F	0.473294300319902	0.105059458676205	-0.208663556552789	-0.911037038196013	0.0671394124997908	0.629086567343434	0.325350376250115	0.0423151018153915	0.206798173170188	0.0452172055589137	0.262712926039227	0.524803140336851
Neotet	Lamprologini	IPF7_JHB4	1	1	M	-0.133546617324869	-0.377416779965502	0.816182170013319	-0.925495917177821	-1.87397456808364	-1.4166514471408	-0.345726182518684	-0.0361509750491584	0.97471717612405	0.238202606950859	0.262712926039227	0.524803140336851
Neotoa	Lamprologini	KCD9_KTG3	1	1	M	0.461070374714671	0.647225002570944	0.631602083216268	3.79905013606196	-0.3137049988722	0.671226696084967	2.86926882966042	0.659386886925972	0.0230066812274125	-0.0599432702848697	0.0661390166808291	0.076971649575166
Neotoa	Lamprologini	MVA2_OFC2	1	1	M	0.561238751924948	0.227067492298814	0.877460601771301	0.913135069544511	-0.475993700798973	0.177117152280293	1.59766057086891	-0.586347715057586	-0.208337062241131	1.26253427214763	0.0661390166808291	0.076971649575166
Neotoa	Lamprologini	JZD5_KSI6	1	1	M	0.725330051956932	0.538494259249676	0.394129680930709	1.3421171175324	-0.302658195507211	-0.446741679919728	1.78605745102944	-0.414454411208833	0.0341993268118687	0.760519925282298	0.0661390166808291	0.076971649575166
Neotoa	Lamprologini	KCE6_KTH5	1	1	M	-0.0207458061541891	0.434470841633836	1.14078754916256	2.56888212990578	-0.944569682110682	0.21919912479324	2.02440486272396	-0.559014707183508	-0.169078968641318	-0.782157794252182	0.0661390166808291	0.076971649575166
Neotoa	Lamprologini	JZD6_KTA8	1	1	F	-0.0602963897480577	0.572309703529755	1.2759572947741	1.31109826823925	-0.932956112368654	0.646325836166823	1.88166785884453	-0.486773518941242	0.707115138791838	-1.7906931679948	0.0661390166808291	0.076971649575166
Neowal	Lamprologini	MVB3_OGE4	1	1	F	0.767040311168325	1.37891417155736	0.45553774607719	0.817849188743645	1.23121552381732	1.61104315098281	2.56295025744032	-0.486261492849187	1.17701708768922	1.99945248061896	-0.048452577924628	-0.792103643972282
Neowal	Lamprologini	MVA9_OGB1	1	1	M	-0.0370721967306697	-0.380420090827991	0.701103074253249	0.0125045109415218	0.0452398013562877	1.52626729897474	1.72565085215586	-0.205684376274165	0.74853224233676	0.442351571631135	-0.048452577924628	-0.792103643972282
Neowal	Lamprologini	MVA8_OFI8	1	1	M	0.289567430556927	-0.0850682457735314	-0.360777653784835	0.136810785546129	0.996780740909508	1.74864165595576	0.716194824253254	-0.0476733693817587	-0.15221956910989	1.74655407001719	-0.048452577924628	-0.792103643972282
Neowal	Lamprologini	MVB1_OGC2	1	1	F	0.732119010745728	0.780156441458702	0.472446018192593	0.576069680650154	-0.201023422296503	1.71452911870818	0.28825494067538	0.0607660865585396	1.15702729577694	1.68588093770564	-0.048452577924628	-0.792103643972282
Neowal	Lamprologini	MVB8_OHB1	1	1	M	0.822095632670288	0.493357947530026	0.0896351224809743	0.755070749141141	0.0470722011090481	1.24224218667907	0.792652913541606	0.0260456949754982	-0.0256482407664438	2.13920855214981	-0.048452577924628	-0.792103643972282
Neowal	Lamprologini	MVB2_OGD3	1	1	M	0.112861392391278	0.353779317829627	0.591204546601027	-0.529135354639315	-0.00548114990307457	0.634592901269848	1.70976472268583	-0.284076205402532	-0.715889491384396	0.598316149384623	-0.048452577924628	-0.792103643972282
Ophven	Ectodini	MUH6_LVB1	0	0	F	-1.16889061343096	-1.24489533495106	0.764405006836216	1.20806330379427	0.157589179102199	0.450502873477578	-0.146582804000774	0.679632138302552	-0.950120248618367	1.23873601825106	-0.748281611613501	0.439026465819885
Ophven	Ectodini	LNB7_MBF5	0	0	M	0.265811517010668	-0.477991228560827	-0.240725225520702	-0.143813371607139	0.0376236340338362	0.135455325139316	-0.130702090439877	2.75005865250153	0.605774434412551	1.02628003469622	-0.748281611613501	0.439026465819885
Ophven	Ectodini	IQE4_JKF5	0	0	F	-1.5620614243675	-0.765069436167292	-1.2024997148714	0.212651584342661	0.724611946464873	-1.20138902818065	0.0326979915022519	3.11622860532401	-2.15354742251972	-1.7906931679948	-0.748281611613501	0.439026465819885
Ophven	Ectodini	IQE8_JKG6	0	0	F	-0.544852763256851	-0.458114315142271	-2.30449320239	-0.126193331989187	-0.490907195631691	-0.790377618024367	-0.566401859792457	1.86199799487814	-1.77432058891981	0.28297411080779	-0.748281611613501	0.439026465819885
Ophven	Ectodini	MUI8_LWE4	0	0	M	0.243317228259156	0.226667786193411	-0.474357061874931	-0.398709193903692	-1.3244028383691	-0.451160644283767	-0.0565884716618296	2.97150800654726	-1.88950706150645	-0.513019923398556	-0.748281611613501	0.439026465819885
Ophven	Ectodini	IQD3_JKD3	0	0	M	0.479130384470285	-0.238664013018769	-0.0164407858676182	0.310230170736263	-0.672847569840196	-0.946558271917751	-0.326462295952613	1.99733886386889	-1.31753117504811	-0.530483392868509	-0.748281611613501	0.439026465819885
PcybrN	Cyprichromini	JXI2_KPE2	0	0	M	0.0234794521283851	-0.312056939003706	-0.458846288549291	0.904296810274866	-1.14006998466496	0.533649311367083	0.182938908602952	1.28801754488224	-0.343044715136305	-0.753492056912998	0.753525329287369	-1.15743952445178
PcybrN	Cyprichromini	MVD3_OIG6	0	0	F	-0.142407330058457	-0.471344599724637	0.302597737973295	0.940542089643162	-0.262061825113458	-0.587977701499279	-0.532822031398691	1.42168125377178	-0.94885663625644	0.94142324997643	0.753525329287369	-1.15743952445178
PcybrN	Cyprichromini	JXI4_KPG4	0	0	F	-1.03450440616655	-0.856821194010874	0.178809590057558	0.286406138195623	-0.0962703641476733	0.0885195440983578	0.617334663803752	1.6490101810079	-0.798543088048419	0.538916851372527	0.753525329287369	-1.15743952445178
PcybrN	Cyprichromini	MVD2_OIF5	0	0	M	0.433011836861448	0.259825534422975	-0.0951053759038624	0.710931416425993	-0.661832961326124	-0.268118526267476	-0.331241759691623	2.51789017929339	0.302989485443917	1.39888396370025	0.753525329287369	-1.15743952445178
PcybrN	Cyprichromini	JXI3_KPF3	0	0	M	0.0900011480936099	0.19258895000498	-0.692595491048857	1.29823580968681	-0.0621684735170862	-2.02187376011677	0.816908068394023	1.61227244864954	-0.132285468649225	-0.367383466577424	0.753525329287369	-1.15743952445178
PcybrN	Cyprichromini	JXI5_KPH5	0	0	F	-0.130782185155867	0.175980816310628	-0.998309567088954	0.791326560586648	-0.0579025682474925	-1.32451825012425	0.618091469635858	0.322808301412507	-1.28982189924236	0.672443253686841	0.753525329287369	-1.15743952445178
Pcynig	Cyprichromini	MOA5_NQG6	0	0	F	0.0928782117009801	-0.215681588927885	-0.172880885955349	-0.00117245557780847	-1.40561143690334	0.0688974584151053	1.77082018064453	-0.48591076512099	0.355105427867	-0.109863041623377	0.309208087584516	-0.839408401483095
Pcynig	Cyprichromini	MOA1_NQC2	0	0	M	0.585528967995551	0.347040251710953	0.389738244765344	1.10743817111006	-1.03467254250027	-0.413178429197981	1.72464306060993	-0.0680833714427053	0.328172387505878	-0.22156476944711	0.309208087584516	-0.839408401483095
Pcynig	Cyprichromini	MOA3_NQE4	0	0	M	0.542482501203087	0.546672511413722	-0.0450589142252146	1.08912436605457	-0.909031149433252	-0.282831535328727	0.807653435755234	1.41063217811781	0.0880685200927835	0.934051591355944	0.309208087584516	-0.839408401483095
Pcynig	Cyprichromini	MOA6_NQH7	0	0	F	-1.90817358426446	-3.02250976744673	-0.820317125268764	0.55219118239602	-1.03109227139567	-2.18576309652033	0.263744765777139	-0.561869397445463	0.594220198977394	-1.7906931679948	0.309208087584516	-0.839408401483095
Pcynig	Cyprichromini	MOA4_NQF5	0	0	F	-4.17143329882624	-3.96430950273397	-0.219919591343768	-0.225519301334966	-2.17117828838478	-0.568416471595756	1.13833985736008	0.752007540289924	0.320441536719408	-1.7906931679948	0.309208087584516	-0.839408401483095
Permic	Perissodini	MUD1_LYI8	1	1	M	0.0942881993106164	0.336541899491159	0.139271236648951	0.189950866728966	-0.39781264258826	0.00273355137429906	-1.1138217546556	2.01479343117638	-0.694465768032841	0.0171134005453633	2.142640764684	0.984928820666154
Permic	Perissodini	MUC6_LYD3	1	1	M	0.0219481340290243	0.331775318275494	-0.977768442470248	-0.487000588038865	-1.69731349313899	1.26857163659482	-0.9591770998331	-2.3408475048437	-0.00395528196493502	0.734456186652525	2.142640764684	0.984928820666154
Permic	Perissodini	LPD7_NCE4	1	1	M	0.344343813656827	0.425555299367579	-0.982503583743831	-0.0280941587558691	-0.895596673128246	0.636831399858986	-1.13184901982546	1.07243058127082	-1.13585086147048	-0.186086619806155	2.142640764684	0.984928820666154
Permic	Perissodini	MUC8_LYG6	1	1	F	0.0926167247943088	0.616189068247158	0.31650482607644	0.497282846476057	-0.761760969958445	-0.819671357743408	-0.196981483229901	-0.103122953528978	0.026695206892356	1.29238511366162	2.142640764684	0.984928820666154
Permic	Perissodini	MUG9_LUD3	1	1	F	-0.325619524413691	0.134186863844419	0.172133689883987	0.508778702038296	-0.82024811281789	0.27002477473992	-0.62208243932956	0.795036131461763	-0.280983765822692	1.32706613966946	2.142640764684	0.984928820666154
Permic	Perissodini	MUC7_LYF5	1	1	F	-0.322649289381162	0.133987167914638	0.425762298488677	0.236030045093305	-0.233732195249276	-0.0513556709711858	-0.0307933155645327	0.502439946670414	-0.144275306635255	0.80826165133508	2.142640764684	0.984928820666154
Peteph	Tropheini	IPC7_JGA4	NA	0	F	0.362866765030576	0.0257534160151465	-1.40766377897399	-0.828183118122767	0.364766940845762	0.165854908627832	-0.897683141245813	-0.203576372861836	-1.39568398573268	-1.7906931679948	-1.62293881576493	1.46765955363303
Peteph	Tropheini	LOB4_NIH7	NA	0	M	0.662779326855576	-0.0217160136437098	-1.38125284096647	0.345300117320574	-0.0116874486264254	1.42977993647797	0.167629530053051	0.266320559142785	1.22091927104987	-0.657220488776075	-1.62293881576493	1.46765955363303
Peteph	Tropheini	IPC1_JFH1	NA	0	F	0.416190940895383	0.563240049534613	-0.913041076710977	0.232687811122051	1.45148477834947	0.881394993547117	-0.228664855693383	-0.666348136399179	0.432928202796558	-0.622671839549624	-1.62293881576493	1.46765955363303
Peteph	Tropheini	LPI6_NHI8	NA	0	M	-0.117429851288256	-0.398434000957581	0.183039204381185	0.665075518483512	0.520707500200951	-1.56187109662483	-0.619574606477125	-1.06197213091742	0.924722904298479	0.578839613811943	-1.62293881576493	1.46765955363303
Peteph	Tropheini	LPE5_NDD3	NA	0	M	0.251019898560936	-0.126901343226817	-2.58168338690919	-0.827547306918904	0.0096725115207875	-2.10146846075345	-0.52077260622538	0.943021729138721	-1.18354496168268	0.262442165676534	-1.62293881576493	1.46765955363303
Peteph	Tropheini	LOB3_NIG6	NA	0	F	0.315061768231054	-0.0836219125300578	-0.498567406658364	0.236513977022174	0.570829797269464	0.302456122101285	-0.207583265140909	0.179772576697362	0.807175851779162	0.674549210224233	-1.62293881576493	1.46765955363303
Petfam	Tropheini	LPA5_MXH7	0	0	M	1.00168009908308	0.729030041493158	0.0983146796958137	0.7977718711425	1.03207275382744	-1.52395773831287	-1.02026763339324	1.94501604351755	1.4743159664012	0.137973894662722	-1.61601753444823	1.81150131164751
Petfam	Tropheini	IYA6_HAE5	0	0	F	-2.3402256854066	-2.40709666970692	-0.190425898535083	0.0355004466532341	0.482333878678175	-0.860611055976086	-0.721087521573744	2.31060769381676	0.91166772281285	-0.721506851011644	-1.61601753444823	1.81150131164751
Petfam	Tropheini	IYA7_HAF6	0	0	M	0.389558243700045	0.480755637521511	0.332393787642983	-0.0881043732021481	-1.73811180764071	0.079504101013183	-0.750464574557106	2.58919503094826	0.165235433340958	-0.735159578266083	-1.61601753444823	1.81150131164751
Petfam	Tropheini	LNG9_MTI8	0	0	M	0.885015047611703	-0.294828762614885	-0.388378913409954	0.851990448654217	0.901412225177785	-2.12586288936398	-1.37761986670929	-0.050775298356261	0.955516707616414	-0.483345791935433	-1.61601753444823	1.81150131164751
Petfam	Tropheini	LNG8_MTH7	0	0	F	0.0179255330644237	0.156446304630925	0.258456486301734	0.177303438747212	-0.0776143448188978	-0.714146237260507	-1.04680341494639	1.16643326411317	0.667225221189435	0.0947469423224935	-1.61601753444823	1.81150131164751
Petfam	Tropheini	LNH1_MWB1	0	0	F	-0.384686753337578	-0.216574423667079	0.650479882755781	0.785334484411381	1.04813761657736	0.174706179179775	-0.236130011032141	0.883692753800834	1.12215089888569	-1.7906931679948	-1.61601753444823	1.81150131164751
Petfas	Tropheini	LNA5_MAC2	1	0	F	0.0852197968142523	-0.270079107784091	-0.401906696944866	0.526551021110339	0.160843754130399	-0.692324737873648	-1.04487032768261	-0.554376483262422	0.0139355632163933	1.24104177999528	-1.28214614224398	1.12587921303734
Petfas	Tropheini	LPB1_NAE4	1	0	M	0.0881686901679101	-0.455213099045149	0.977811979556403	-0.544611608180668	1.18048941372054	-0.229102387578728	-0.653420425967523	-1.08199785711012	0.885025983239796	1.21720538191817	-1.28214614224398	1.12587921303734
Petfas	Tropheini	LPB4_NAH7	1	0	M	0.111722663113872	-0.121396150575351	-0.614830897710967	-0.343961039695515	1.05676549908672	0.376312770921616	-0.568578292455676	-0.0468197575568914	-0.0236517392763924	0.721011501162039	-1.28214614224398	1.12587921303734
Petfas	Tropheini	LPA9_NAD3	1	0	F	0.628186363295909	0.434964540343791	-0.467983416915517	-0.0195579966326052	-0.569921127334944	-0.174585115231461	-1.0283359540587	-0.200096970296144	-0.662898469585999	-0.0844300664119433	-1.28214614224398	1.12587921303734
Petfas	Tropheini	LPB3_NAG6	1	0	F	-1.5069831207933	-1.94009111857846	0.0635702551315644	0.639706530392793	1.43807659006292	-0.382347016858029	-0.433447755936554	-0.733214910684129	0.52968657394033	-0.667907281611134	-1.28214614224398	1.12587921303734
Petmac	Tropheini	LOI2_NPI8	NA	0	M	0.802440520466693	1.12488607372871	-1.624930339297	-0.788033387386844	0.00897977682784794	-0.716481375538346	-1.46789277981956	0.543580298317714	0.149018407022749	-0.648338909283533	-1.16753806505023	2.21200715083652
Petmac	Tropheini	MOH4_NWG6	NA	0	F	0.981680858402562	1.09276378445727	-2.39801322382533	-0.525464247164401	-0.428582753899526	-1.98381189220793	-1.86055749128395	-1.84307870963798	-2.00488737121773	-0.32597741517004	-1.16753806505023	2.21200715083652
Petmac	Tropheini	LOI3_NQB1	NA	0	M	0.516123622843076	-0.169863007690621	-0.766243503903141	-1.18577731488822	-0.260709705938897	-0.0785888489370421	-0.958201951670614	-0.383604397250231	-0.449893142934786	-0.67947292353241	-1.16753806505023	2.21200715083652
Petmac	Tropheini	LOH9_NPG6	NA	0	F	0.356732857521772	0.917055283572739	-0.24971482385353	0.356201436026879	-0.474083332477295	-0.373716215973084	-0.742343591838763	-0.784901822084614	-0.99682258224412	0.0663295612668488	-1.16753806505023	2.21200715083652
Petmac	Tropheini	LOI1_NPH7	NA	0	M	0.643210929953139	1.00411635107833	-0.093869975839584	-0.138703463751308	0.384550121078865	-1.33858034068945	-0.330417553540301	0.0582149314251946	0.81305904612753	-1.7906931679948	-1.16753806505023	2.21200715083652
Petmac	Tropheini	MOF6_NUI8	NA	0	F	-0.110856382082227	-0.0331521179496259	-0.627439537135106	0.325430626304501	-0.687678797623107	-1.18037370424627	-0.79572677913552	-0.73197356948908	-0.142681123442294	-1.7906931679948	-1.16753806505023	2.21200715083652
Petpol	Tropheini	RKB3_QQC2	0	0	F	0.702747326491377	0.917357793319226	-1.28739862609978	0.34105952354565	-0.113315794205612	0.30177199176657	-0.60714751397239	-0.983434969500765	-0.546531362542225	-1.7906931679948	-1.4638507601055	2.20172174774389
Petpol	Tropheini	RKC1_QRB1	0	0	M	0.292100702898113	0.121249219384204	-0.496123085542502	0.547124171243736	1.18119697722252	-0.166164544589692	-0.28109441377815	-0.0918378332118454	-1.88101847810974	1.05633497727666	-1.4638507601055	2.20172174774389
Petpol	Tropheini	RKC2_QRC2	0	0	M	1.68384251051443	1.07853830662218	-1.45976724656491	0.19445947590076	0.323169579152359	-1.05153339060782	-1.56574264903661	0.397204573145239	-2.01389386072597	0.927782269148647	-1.4638507601055	2.20172174774389
Petpol	Tropheini	RKB5_QQE4	0	0	F	-2.14656302409785	-2.0082413043596	-0.618530578062404	-0.183156268992006	-0.189492137263326	-0.522442228320658	0.144594200608237	0.0704022319705949	-1.18435880454256	-0.284571262952056	-1.4638507601055	2.20172174774389
Petpol	Tropheini	RKB4_QQD3	0	0	F	0.331850279015752	0.43342123484644	-0.318680980827337	0.0365539397753127	1.01989476958075	-0.0157471403723753	0.0836924947202829	-1.56014711834228	0.487621328666889	0.209303816168186	-1.4638507601055	2.20172174774389
Petpol	Tropheini	RKC3_QRD3	0	0	M	1.00571007097846	-0.187510570062058	-0.793667647161201	-0.488443271694911	-0.930359963934117	-0.305062078246711	-1.02433752461199	-0.548331390570658	-1.34024019192425	0.284871056097666	-1.4638507601055	2.20172174774389
Plepar	Perissodini	OMI7_QHG6	1	1	M	0.678375576457836	1.14153475873094	-0.722139098865767	-1.03621719322483	-1.31886831525333	-2.30731417205773	0.200249730861377	-0.0958195844481788	-1.17727694291411	-0.0526566056742008	2.20383269850309	0.0675640347178763
Plepar	Perissodini	OMG9_QFH7	1	1	M	0.0635793846738311	0.494931351380719	0.102753204279388	-0.0364099237200108	-1.09699738255214	-2.03961012291123	-1.5820442566005	0.798217019799843	-0.571500311783714	-1.7906931679948	2.20383269850309	0.0675640347178763
Plepar	Perissodini	OMH2_QHB1	1	1	F	0.306608842796731	0.32161861026587	-0.46316361319304	0.596744699109325	-1.51088371923871	0.0722079956545158	-0.90070542427159	1.63192797304466	-0.306800079740035	-0.61436625696784	2.20383269850309	0.0675640347178763
Plepar	Perissodini	OMI5_QHF5	1	1	F	0.821576428074553	1.14736911798884	-0.0283331463393975	-0.334391929617891	-0.505721520447529	-0.685138177588742	-0.272126555564657	0.0687536989992505	-0.433648195671723	0.667319219821849	2.20383269850309	0.0675640347178763
Plepar	Perissodini	OMG8_QFG6	1	1	M	0.36327698632614	0.411092337160966	-0.172416932340253	0.228462460623638	-0.369568628803037	-0.0601118940060082	-0.24033266399337	0.81547736072319	-0.432256830737655	0.66829843329491	2.20383269850309	0.0675640347178763
Plepar	Perissodini	OMH1_QFI8	1	1	F	0.427576804037907	0.616240863318055	-0.439902556939583	0.36474450856576	0.137694244257281	-0.896205787819175	-0.464750083771658	0.850123285489749	-0.789317639255385	-0.501168644308434	2.20383269850309	0.0675640347178763
Plestr	Perissodini	MPE7_ODD3	1	1	F	0.0445173933674987	-0.044229974359228	-0.305957456573906	-0.364091397586875	-0.915975622108661	1.45465749595711	-0.518569209432333	0.592295817533519	-0.773186809375644	-1.7906931679948	2.32783267280646	-0.232256229395498
Plestr	Perissodini	MPD6_OCD3	1	1	F	0.576637445243885	0.438206307696923	-1.14460034716158	-0.149666015555762	0.330650114480855	-1.16923742486669	-0.78233651534717	-0.351359083581219	-2.12344200056067	0.460121999395773	2.32783267280646	-0.232256229395498
Plestr	Perissodini	MPG5_QKC2	1	1	F	0.354010757148086	0.502390975381389	-0.287088775909747	-0.447970531548038	0.645526994532999	1.79404159790285	0.128513100267951	0.00899088271385405	0.0446391091291358	0.767655613180244	2.32783267280646	-0.232256229395498
Plestr	Perissodini	MOA7_NQI8	1	1	M	-4.17143329882624	-2.50873439342876	0.755435680280828	-0.085990657998556	0.151156991691216	-0.885504195648094	-0.522668285263089	0.588118927311639	-1.86105445373663	0.212191227094203	2.32783267280646	-0.232256229395498
Plestr	Perissodini	MPB7_OAD3	1	1	F	0.187304220590637	0.527191168162727	-0.0022053581917799	1.1193811038747	-0.176270271182779	-0.277494319034671	-0.78430003814605	0.410256992224368	-1.12721149467087	1.48751449186652	2.32783267280646	-0.232256229395498
Plestr	Perissodini	MOA8_NRB1	1	1	M	0.73970831202758	0.202008138817925	0.406766328894909	0.219014288139978	-0.174051858775847	0.00914638242852067	-0.522417002615987	0.495056840824109	-0.152202538724446	0.766612284475509	2.32783267280646	-0.232256229395498
Simdia	Tropheini	IPH6_JHF8	1	0	M	0.278026954106927	-0.315539444577611	-0.501714027204315	-0.512343073347437	0.337249670285086	-0.360434223551513	-0.15085344848874	-0.718273786749435	0.739965361419645	-0.000574703624935627	0.362498275379859	0.66298181879661
Simdia	Tropheini	IQC9_JJI9	1	0	M	-0.731607259662782	-2.38691101758197	-0.369238328890663	0.16894849569481	1.14741018226097	-0.454064813668499	0.110809213486101	0.431816331971028	0.805241939805476	0.399508744996032	0.362498275379859	0.66298181879661
Simdia	Tropheini	LPA6_MXI8	1	0	M	0.0660148713542076	-1.33927487375581	-0.9120350406825	-0.844344499454817	-1.45335582318345	0.983625794707476	-0.995881889501272	0.413887687451437	0.728957166158734	0.573980154331384	0.362498275379859	0.66298181879661
Simdia	Tropheini	LPA7_NAB1	1	0	F	-1.8959772543635	-1.0877870405877	1.34574619274158	0.963164789785012	0.657874855287298	0.942931829284796	0.0425958339095539	0.0387019670817303	0.560649426237538	1.26517896611892	0.362498275379859	0.66298181879661
Simdia	Tropheini	LPD9_NCG6	1	0	F	-0.587309340058445	-1.67780837384545	0.0609751611149154	0.0953963948651897	-0.0931820348923963	-0.802290605431309	-0.598700718395651	-0.0865258670395406	-0.477671462374768	-0.0460508655665574	0.362498275379859	0.66298181879661
Simdia	Tropheini	LPB7_NBC2	1	0	F	0.00734497231057644	-0.354795529513588	1.17209395351032	-0.658994297612282	1.3543706854434	0.165836154797929	-0.540213572424553	-1.05442113962671	0.31892902540337	0.588120064911101	0.362498275379859	0.66298181879661
Spaery	Eretmodini	JUH1_KKB1	1	1	M	-0.777096080478434	-0.965917094837135	0.950898626478515	0.733257491260233	-0.180232527321483	1.08174080976629	0.534467312522564	-1.5961988385374	1.17941724581773	-1.7906931679948	-0.604937979309757	1.50913505471812
Spaery	Eretmodini	JUG8_KJH7	1	1	M	-2.28201114212129	-3.96430950273397	1.27533404577421	1.3247078853576	-0.671699473799466	0.265491323753986	0.203550150368682	0.519436555093851	0.122618845740389	-1.7906931679948	-0.604937979309757	1.50913505471812
Spaery	Eretmodini	JUG9_KJI8	1	1	F	1.50790156866415	0.393669962178872	1.78344527880765	1.59872781289704	1.1502816328935	-0.428780306719915	-0.397943976491409	1.32239957289215	1.59269180044756	0.203659866680116	-0.604937979309757	1.50913505471812
Spaery	Eretmodini	JUH2_KKC2	1	1	M	0.756721625285096	0.176274676920552	1.68202847827621	1.78825092841305	0.12829523595248	2.13199823959742	0.502233875834928	0.652681543739966	1.99528945014504	0.920438813429734	-0.604937979309757	1.50913505471812
Spaery	Eretmodini	JUH4_KKE4	1	1	F	0.390004266889331	0.334800523843097	1.90179923596884	1.55991614998073	0.53933569836279	1.46511834066357	0.477110676428481	-0.200766944530834	1.56836165500179	-1.7906931679948	-0.604937979309757	1.50913505471812
Spaery	Eretmodini	JUH3_KKD3	1	1	F	-1.16543080925235	-1.21626628520181	1.97835707210135	1.66431675807991	0.982298416941003	1.00925886831297	-0.328067621554471	-0.131883509232617	1.4816917045577	-0.00486736166227649	-0.604937979309757	1.50913505471812
Tanirs	Eretmodini	JYI7_KQH5	1	1	F	0.570801601555098	0.485519477858356	-0.357928494775224	1.47091288576339	0.989062277003974	1.83448349870235	-0.287052750337223	0.251141424476383	1.08419913931841	-1.7906931679948	-0.981623085822715	1.4050910914817
Tanirs	Eretmodini	OMF1_QFD3	1	1	F	0.674495083471024	0.147867738242036	2.20362618884219	1.01681029342424	0.153980588280763	-0.592357565224516	-0.316970634883579	1.13723296796525	1.39637616970561	1.48752611288338	-0.981623085822715	1.4050910914817
Tanirs	Eretmodini	JYH3_KQE2	1	1	M	0.348057278597953	0.693468911958449	0.955039454718151	1.32462221042042	0.689509246368461	1.37803170485929	-1.17456751528384	0.403427109639731	1.07776885824756	1.17530794823647	-0.981623085822715	1.4050910914817
Tanirs	Eretmodini	JYI2_KQG4	1	1	M	0.124167973356011	0.221207479349746	0.685327625267062	1.76291466131137	0.898420875100604	1.93078087116781	-0.546202191368294	-0.262737646820882	0.240358718550752	0.537220686501387	-0.981623085822715	1.4050910914817
Tanirs	Eretmodini	OMF2_QFE4	1	1	M	-0.285552344867451	-0.365929064031588	0.696075402619586	1.22253628661597	0.670511284355131	1.96885671748049	0.527558257325784	0.323833911632999	0.982528339539	-1.7906931679948	-0.981623085822715	1.4050910914817
Tanirs	Eretmodini	JYH7_KQF3	1	1	F	0.201368348599131	0.52075556230695	-0.139186518646707	1.90440972277318	-0.544489917127065	2.11924092114004	0.11460852148769	0.643453133808235	0.688237238340301	1.21086329197849	-0.981623085822715	1.4050910914817
TeldhS	Lamprologini	IZE3_BLE6	1	0	M	1.68572978236505	1.29210724497671	0.469525200804039	-1.32511524109128	-0.582263331592363	0.00903186005078015	0.259997084281226	-0.949400446136226	-1.84626767333157	-0.485536559160056	0.920622343288475	-0.250708937549432
TeldhS	Lamprologini	LOE6_NMC2	1	0	F	-3.31831431088849	-2.58580015385265	-3.15318745339417	1.22392927368992	2.78949787398988	0.346999483061552	-2.53504317824664	-1.8427724967453	-1.25184482973251	-1.7906931679948	0.920622343288475	-0.250708937549432
TeldhS	Lamprologini	IZF8_BLF7	1	0	M	1.47355706281833	0.823640340915962	-0.989186188927437	0.239710799121621	0.19280224962155	1.25826826114279	-0.168568551391924	1.17563019987589	-0.206796600988467	-0.567945996111977	0.920622343288475	-0.250708937549432
TeldhS	Lamprologini	LOE8_NME4	1	0	M	-4.17143329882624	-3.96430950273397	-1.12743660515766	-0.332130068827611	2.94172057642782	-1.41575820260399	-0.875316498598369	-0.935594587063189	-4.06891026620071	-1.7906931679948	0.920622343288475	-0.250708937549432
TeldhS	Lamprologini	LOE7_NMD3	1	0	F	0.14901246141879	-0.232760952431282	0.295621435893169	0.387356560576801	0.754716021868171	0.489782303148513	0.49526176636968	0.33025942915112	0.581664760486066	-0.847008734420795	0.920622343288475	-0.250708937549432
TeldhS	Lamprologini	LOE5_NMB1	1	0	F	0.781176315255517	0.662050625607519	-1.63702835710134	-0.795192246426616	-0.92443644510806	0.554855111142797	0.178241256083782	-2.3408475048437	0.924647014137529	-0.652438475723947	0.920622343288475	-0.250708937549432
TelteS	Lamprologini	IPA7_JFD4	1	0	M	0.903555108861964	0.529073113695683	0.635520908842158	-0.240045820702708	0.518500471414858	0.149047988226738	0.0134079361949292	-1.6227097803672	0.0501765628363041	-0.580925870986255	-0.32361409401219	0.585465517972583
TelteS	Lamprologini	MUI7_LWD3	1	0	M	-0.0940434469884733	0.00937052382984358	0.473769333387177	-1.76275686816354	1.02604868368289	1.14751305971305	-0.486512529677149	-1.09700236005895	1.18795325622197	0.0630185477213634	-0.32361409401219	0.585465517972583
TelteS	Lamprologini	LPB2_NAF5	1	0	F	0.957566078457283	0.521616265851228	0.744808471277842	0.022678069783567	1.32812493382682	-1.03906560913757	-1.10187357679074	-2.3408475048437	-1.4154442244672	0.572348242333411	-0.32361409401219	0.585465517972583
TelteS	Lamprologini	MUF1_LSC2	1	0	M	0.555934245613749	0.572078582922932	1.24556214966202	1.78565515763853	0.690367245703316	0.320291804451488	-0.207349021755807	0.0159287828553594	0.174442021907851	0.494665655590443	-0.32361409401219	0.585465517972583
TelteS	Lamprologini	LND7_MDH7	1	0	F	-0.850550813754168	-1.26172591680074	1.85842572381268	0.179874761298228	-0.541218536594368	1.39085696368695	-1.28424653565279	1.49402546736111	0.691800073554284	1.46408457973623	-0.32361409401219	0.585465517972583
TelteS	Lamprologini	MUI6_LWC2	1	0	F	-2.7076473170408	-2.66948483067213	1.7589489300986	-0.425516949323341	1.40381869897361	1.16500771045696	-0.407271790456271	-1.69537609096622	1.88784013666538	0.786753490823666	-0.32361409401219	0.585465517972583
Telvit	Lamprologini	ISG9_JOF2	0	0	M	0.608401195024646	0.886558274178623	-0.192486851049963	-0.98833292746404	0.0144913645208209	0.202547158554228	-0.946841280961266	0.464939224699784	1.85978943846037	0.980457230484807	-0.363074013502553	0.581068154599324
Telvit	Lamprologini	IPA5_JFC2	0	0	M	-2.16486962188567	-1.02292738471075	1.89492746799996	0.989880792191233	0.46407582953317	-0.0852908053701951	-0.73662668226119	-1.58472584179322	-1.31631429494311	-0.52980920308191	-0.363074013502553	0.581068154599324
Telvit	Lamprologini	LPI1_NHD3	0	0	F	0.188025255148304	0.290556363793027	1.15955722451874	0.186717664823233	1.05969654295873	2.13398670475221	-0.226158841711532	-1.08061799425203	-0.592249730270528	0.0812655622270161	-0.363074013502553	0.581068154599324
Telvit	Lamprologini	LPI4_NHG6	0	0	F	-0.318059666414211	-0.0785155350040646	0.507592979437496	-0.662745574843915	0.530404042652558	2.50047481251658	-1.33511725461091	-0.596913277318223	0.934476638253559	-0.575791495804633	-0.363074013502553	0.581068154599324
Telvit	Lamprologini	MUC3_LYB1	0	0	M	1.10007257883831	1.79430458371329	0.970971323974706	-0.599653812423037	0.775241170724985	0.558088126061762	-1.08192604384696	-1.5913699408235	0.83120732917329	1.78195019122754	-0.363074013502553	0.581068154599324
Tremar	Trematocarini	LOG7_NOD3	NA	0	F	-0.0482942036176819	0.411076439887354	-1.90894257272062	-0.217195118387023	-1.0152966828473	0.444874590339572	1.3028665885741	0.674758929897117	0.648234241559039	-0.695416175523765	-0.315022659351184	0.780771200141524
Tremar	Trematocarini	LOG8_NOE4	NA	0	F	0.241275501773463	0.840992996539704	-0.414850860506631	0.523732073678769	0.0967403314512917	0.935597631325333	0.828862371534882	2.40149810949999	-0.190730365691526	0.775778317716621	-0.315022659351184	0.780771200141524
Tremar	Trematocarini	LOG3_NNH7	NA	0	M	0.987303411699259	1.31155220804622	-0.46681810082435	-0.577509534967461	0.437570901319685	0.899962399314853	2.12265810728106	-1.10394781194553	1.01363562336303	-1.7906931679948	-0.315022659351184	0.780771200141524
Tremar	Trematocarini	LOG4_NNI8	NA	0	M	0.761443951568894	1.25143051877348	-0.35630122680812	-0.112813407067929	-0.631601631994133	0.310521743848971	0.907754999103924	-0.0959927534622241	0.459478815548508	0.192681551298154	-0.315022659351184	0.780771200141524
Tremar	Trematocarini	LOG5_NOB1	NA	0	M	0.757343721833064	1.23527685952565	-0.181349814149224	-0.790681054777371	1.07195683140669	-0.683203292178385	1.93387941883829	-0.301783497780174	-0.22685024355833	-0.805594399519322	-0.315022659351184	0.780771200141524
Tremar	Trematocarini	LOG9_NOF5	NA	0	F	-0.553721254461833	-0.64191261458487	-1.41083352304857	0.109440005593775	0.812907573642838	-0.932490704213573	2.10147599492393	-0.116648153341868	0.177948402913005	-1.7906931679948	-0.315022659351184	0.780771200141524
Trenig	Trematocarini	IUE5_JTC6	NA	0	M	-0.661237427707793	0.368748461699176	0.074839503560297	-0.202206011531305	-0.12119674773061	1.45487013388128	0.283139916702539	1.31761517474699	-1.0791018471356	0.337408131055743	0.947206522831044	-0.241927374274939
Trenig	Trematocarini	ITH1_JQI4	NA	0	M	0.504344686715774	1.13165279395317	-0.622716888203556	0.179401344232156	-0.0492669145724987	0.370067227885034	1.56359423076459	-0.460225178757141	-0.362960965481504	0.717088824193341	0.947206522831044	-0.241927374274939
Trenig	Trematocarini	ITH2_JRA5	NA	0	M	0.724220881444147	1.03114242923281	-1.16229008534687	-1.02979157108814	1.08936794740417	-0.58901367563199	1.06819187965217	0.413656868002262	-1.41361464441859	-0.583427122442218	0.947206522831044	-0.241927374274939
Trenig	Trematocarini	ITH9_JRE9	NA	0	F	-0.00106472489751564	0.639761675748898	-0.937108727612578	0.251923783048808	-0.0948229718370753	0.923164313954139	1.35504785909146	1.71279952189683	-0.406373016915752	-1.7906931679948	0.947206522831044	-0.241927374274939
Tromoo	Tropheini	LOF5_NNB1	1	0	F	0.303044815170105	-0.294103131564977	-0.803595162256547	-0.863441519369916	0.824047358856187	-0.800979182344701	-0.597282173610199	0.452456680754468	-0.476184294517709	0.414089134986867	-0.826987282721062	1.12117512536048
Tromoo	Tropheini	LOA4_MXE4	1	0	M	0.218905275272843	0.359434312987446	0.114161118389133	0.443791671205294	0.239547226871755	-0.26817458667846	-0.990953730053868	-0.869400220380138	-0.944579263729159	0.944774900594283	-0.826987282721062	1.12117512536048
Tromoo	Tropheini	LOA5_MXF5	1	0	F	0.396047093845402	-0.117039764596311	-0.350887501857625	0.669715094323889	0.880414769222928	1.07853422850994	-0.637588721897178	0.425174025874596	0.0574498954317999	-0.31644742413495	-0.826987282721062	1.12117512536048
Tromoo	Tropheini	LOE9_NMF5	1	0	M	0.28679499601373	0.189967121909967	-0.629938562516995	0.774355329854874	0.115746901961352	0.406068003305648	-0.239076078095557	0.641156416056565	0.255072467871537	-1.7906931679948	-0.826987282721062	1.12117512536048
Tromoo	Tropheini	LOF4_NMI8	1	0	F	-0.531767670020975	-0.381885818115734	-0.0892656009632577	0.311994430589621	1.50537332984815	-1.7438387202104	-1.02969689889152	0.842695503638239	0.215583691497664	0.73325251167092	-0.826987282721062	1.12117512536048
Tromoo	Tropheini	LOF2_NMG6	1	0	M	0.460231206696993	0.526361727773625	0.464206618697871	-0.546728666530415	-0.0567800334432464	0.493455859150147	-1.02425077338456	-0.0575021921496318	0.306547646017228	-0.0254401825098687	-0.826987282721062	1.12117512536048
Tronig	Tropheini	JVD9_KNF5	1	0	F	-0.110838644659237	0.199439997402601	-0.00879103690314603	-1.6207540802312	1.28049567778666	1.69323155050905	-0.321369761575148	-0.765936535652684	0.274158041485816	0.772571382417581	-0.489126194488823	0.550730912583759
Tronig	Tropheini	JVC3_KLI8	1	0	F	0.36007273413589	0.854771363740704	0.45569778742901	-0.58794368960889	-0.30537872198963	-0.449284936333753	-1.14345564759181	0.436510845031464	0.0314431251918106	0.402826302161643	-0.489126194488823	0.550730912583759
Tronig	Tropheini	JVC9_KNB1	1	0	M	0.670258828658455	1.11204386411422	0.645467419276939	0.138347725737777	1.58991592241704	-0.163682487896165	-0.65006711967261	-1.22103393530918	1.07343170742875	0.376850585715505	-0.489126194488823	0.550730912583759
Tronig	Tropheini	JVD4_KNC2	1	0	M	0.825099425911477	0.988525372664	0.46445173837606	-1.00121530108054	0.98378242737595	0.224651161218877	-0.291600948253988	-0.745773430361497	1.56639682351292	-0.0253404816105721	-0.489126194488823	0.550730912583759
Tronig	Tropheini	JVD7_KND3	1	0	M	0.26590664401996	0.884134432182268	-0.199104260936182	0.354121325369614	1.27009676920466	0.788280263095473	-1.12084167581294	-0.573094850456551	0.971761932976234	-0.559731659831911	-0.489126194488823	0.550730912583759
Tronig	Tropheini	JVD8_KNE4	1	0	F	0.314116976438785	0.89916676521936	1.7269120920813	-0.299780074899149	0.827602870799801	-0.214154207893946	-0.878042688744308	-0.482455294687512	0.713534725297641	-0.107132348245921	-0.489126194488823	0.550730912583759
Varmoo	Lamprologini	MUI1_LVF5	1	1	M	0.718717805395143	0.569955838243753	1.17159808938519	-0.268368275721375	-0.234787361624414	0.761740674866345	0.746013643019146	0.169277710019642	0.493407432462887	0.836499169192543	0.303973345551447	0.27786050237032
Varmoo	Lamprologini	LNA4_MAB1	1	1	F	-0.225522519305599	-0.23468457922738	0.896110022649648	-0.874442554616482	-0.302454915229503	0.272635842058853	0.092465990156739	-1.81105481085147	-0.572290632046614	-0.258961737925874	0.303973345551447	0.27786050237032
Varmoo	Lamprologini	LNC6_MCF5	1	1	M	0.0434358334017764	-0.258945798831125	1.44070496540283	-1.20619053220877	-1.22968128857865	1.0320817129318	0.191844898672707	-0.280678206518085	-0.199466741790103	1.12643410790063	0.303973345551447	0.27786050237032
Varmoo	Lamprologini	LNA2_LWH7	1	1	M	-2.94072992690264	-2.71126129244432	-0.212206737912176	-1.46021211940769	-0.822441352019444	-0.513137056904833	-1.91289100098557	-0.821897974933598	-2.96504325834075	0.358390857898757	0.303973345551447	0.27786050237032
Varmoo	Lamprologini	LPE4_NDC2	1	1	F	0.460726219464058	-0.140093667975947	0.5955652860834	-0.836537633946001	0.44961710303532	0.22563010066179	-0.624407684282779	-0.745184425135972	-0.163090803303849	-1.7906931679948	0.303973345551447	0.27786050237032
Varmoo	Lamprologini	MUH9_LVE4	1	1	F	0.651170904395774	0.683524648036935	0.703566802990012	-1.18808140666237	-0.984418713283188	0.2136913151215	0.662133966972806	-0.38599456904932	-0.453012814053989	-0.68087504182683	0.303973345551447	0.27786050237032
Xenbou	Ectodini	IPC4_JFI1	1	1	M	-0.469206052472945	-0.110315727335171	-0.241207968593666	-1.06352787285786	-1.69551732132915	0.867896592147718	0.278317184947148	-0.125736338714974	-0.00170769645160145	1.026032932301	-0.173814574169966	0.679512722312482
Xenbou	Ectodini	IPE7_JGD7	1	1	F	-1.46736998474672	-1.14604799747206	-0.394309951878019	-0.606341306643197	-0.779180543564206	0.145326977629991	0.597363633869869	0.162658717311929	-0.831705146231083	0.387900413048529	-0.173814574169966	0.679512722312482
Xenbou	Ectodini	LOB9_NJD3	1	1	F	0.103142069681227	0.182084717495628	-0.104626584780276	-1.66334753381886	-0.566482588209405	-1.26901434729336	0.572734889762633	-1.22467973355316	-0.854330057894775	-0.719053227612359	-0.173814574169966	0.679512722312482
Xenbou	Ectodini	MUF4_LSF5	1	1	F	-0.441323592349096	-0.484979069448885	-0.80862962189824	-0.683582695964386	-3.11527356551936	1.98927616513695	-0.209959933403196	-1.07141674118625	-0.958853420757132	-0.587961949187733	-0.173814574169966	0.679512722312482
Xenbou	Ectodini	LOB7_NJB1	1	1	M	0.243310057218599	0.191577449239562	-1.16028617459124	-0.843397355999266	-1.09102528282283	-0.587669021200632	0.0095889953728969	-1.06524454678934	0.298410443813454	-1.7906931679948	-0.173814574169966	0.679512722312482
Xenbou	Ectodini	LOB8_NJC2	1	1	M	-0.0460081288850699	-0.110901198572779	-1.49060905068052	-1.03000385065874	-0.292613103386417	0.450455388455185	-0.0873144228921299	-0.407084993490566	-1.16990132672422	-0.693246562002527	-0.173814574169966	0.679512722312482
Xennas	Ectodini	MOB6_NRH7	1	1	M	-0.42374213317396	-0.829711102092813	-1.10052166691798	0.279330557883124	0.669004972096344	1.46116272318808	-0.752799102705135	-0.000531873397141823	0.581774278454452	1.38583339079547	1.81569038790812	-0.476288730495664
Xennas	Ectodini	MOC7_NTB1	1	1	F	-1.48720884041793	-1.31878027681175	0.777260280405749	-0.174130611875154	-0.178661522423946	-0.873030570584723	-0.857635112690747	0.374242204512373	1.04297618346362	0.711530735058438	1.81569038790812	-0.476288730495664
Xennas	Ectodini	MOB5_NRG6	1	1	F	-0.270239619358882	-0.150270556439372	-0.494092082690113	-1.01536525013306	-0.272789492954271	0.204294447700751	-0.161428934005065	0.466452065457729	-0.461526070722837	0.781204533123784	1.81569038790812	-0.476288730495664
Xennas	Ectodini	MOC8_NTC2	1	1	M	0.365439884044754	0.311454936408787	-0.678497512491794	0.478191091293539	-1.38102855457136	-0.115613550547619	0.039991806682034	-1.01928489373035	1.18210292069985	1.00116349762755	1.81569038790812	-0.476288730495664
Xennas	Ectodini	MOC9_NTD3	1	1	F	-0.361216420649461	-0.870102256079664	-0.174365808075376	-0.12807755809861	0.661228057585807	-0.462207875668048	-0.873590465028867	-0.989083435349059	1.6942696697283	-0.51866960089193	1.81569038790812	-0.476288730495664
Xennas	Ectodini	MOD3_NTG6	1	1	M	-0.338965228899393	-0.186221254842579	-0.097550792856953	0.0924677129228509	0.0840032552440359	0.182905834024392	-0.785142344454481	-0.40732242277271	0.653227185469034	-0.0479968547729938	1.81569038790812	-0.476288730495664
Xenspi	Ectodini	LNH2_MWC2	1	1	M	-0.0852592716330582	0.21067424270267	-0.329182278884317	-0.991295051373246	0.306480505109369	-2.07150282546042	-0.38437636571194	0.413616234699045	-0.240011492967903	-0.422192362712664	0.00915589328155277	0.937789045775073
Xenspi	Ectodini	LNH4_MWD3	1	1	F	-0.822899512907892	-1.2337005636752	0.0352288741456766	-1.14156293795351	-0.655837607941541	0.554778153003451	-1.12946632767859	-2.3408475048437	-0.71145740668773	0.832565006873055	0.00915589328155277	0.937789045775073
Xenspi	Ectodini	LNH6_MWE4	1	1	M	-0.270750777587464	-0.317090974561163	0.225339564980088	-0.443304604949858	0.923803759183801	2.12782739574945	-1.26854360933894	-1.59151691930803	-0.144996062309225	0.638332395259991	0.00915589328155277	0.937789045775073
Xenspi	Ectodini	LNH8_MWF5	1	1	M	0.399147531977187	0.197929111339605	0.282344701784772	-2.33576580065246	0.658186163861497	1.60426209749922	-0.501400280237715	0.233844094520877	0.437728267931344	0.665432461919919	0.00915589328155277	0.937789045775073
Xenspi	Ectodini	LNI3_MWI8	1	1	F	-0.944039471884482	-1.84932823542217	0.57029581595717	-0.112166201566555	-0.771995855831539	0.461299661990562	-0.686586900582744	-1.06088400645536	0.306689176813165	0.580178448639724	0.00915589328155277	0.937789045775073
Xenspi	Ectodini	LPA3_MXG6	1	1	F	-1.47194814028516	-2.13164188544295	-0.5857436334463	0.501244841379214	0.297542968059876	1.62503919111216	-0.122686451979198	0.0453218058737713	0.381348905458843	0.797841663787545	0.00915589328155277	0.937789045775073
