site,alpha,beta,alpha=beta,LRT,p-value,Total_branch_length,gene
346,0,7.721506826,5.159075024,3.980263183,0.04603637,1.602535019,OTRb.tr1
313,0,8.259096495,5.657856215,5.250420976,0.021941462,2.075041926,VTR1Aa.tr1
313,0,7.603176001,5.191142358,5.268074657,0.021720023,2.004673302,VTR1Aa.tr2
415,0,4.984326286,2.549705251,4.007470714,0.045299058,0.984624518,VTR1Aa.tr2
199,0,6.423868849,4.779049039,6.394860837,0.01144512,3.743144658,VTR2Aa
363,0,8.879878787,5.452499706,12.55311929,0.000395545,4.270618481,VTR2Aa
15,0,3.925149006,2.539571061,4.344759407,0.037123012,1.811603729,VTR2Ab.tr1
262,0,6.520009084,3.676082093,10.31499928,0.001319533,2.622334193,VTR2Ab.tr1
275,0,5.300642045,3.712855792,4.903497036,0.026802366,2.648566721,VTR2Ab.tr1
288,0,5.107197499,3.626056095,4.764661887,0.029049765,2.586648133,VTR2Ab.tr1
356,0,2.60325564,1.521626341,4.286069267,0.038425906,1.085452577,VTR2Ab.tr1
15,0,2.923672508,1.910925935,4.29098695,0.038314918,1.751928336,VTR2Ab.tr2
262,0,3.77437666,2.139620713,7.896076829,0.004954213,1.961594684,VTR2Ab.tr2
275,0,3.881304545,2.721754299,4.846123553,0.027708336,2.495292148,VTR2Ab.tr2
288,0,4.391216501,3.101844251,5.513394383,0.018871388,2.843756913,VTR2Ab.tr2
321,0,3.540656566,1.655886722,6.065969901,0.013781105,1.518109528,VTR2Ab.tr2
425,0,4.674859478,3.821154488,4.489382604,0.034105993,3.503217316,VTR2Ab.tr2
15,0,2.86199708,1.848410595,4.351094659,0.036985166,1.747957878,VTR2Ab.tr3
159,0,3.409091769,2.362184376,4.368312488,0.036613234,2.233810389,VTR2Ab.tr3
262,0,4.333701426,2.429343721,9.149372063,0.002488034,2.297319929,VTR2Ab.tr3
275,0,5.509462513,3.825040924,7.219715664,0.007210713,3.617167331,VTR2Ab.tr3
288,0,4.350681191,3.031790243,5.731453911,0.016663681,2.86702622,VTR2Ab.tr3
321,0,4.179740391,1.996906289,7.350426987,0.006704683,1.888383506,VTR2Ab.tr3
380,0,4.394952715,2.761756892,8.286734375,0.003993574,2.611667954,VTR2Ab.tr3
373,0,3.040117555,1.157270711,3.863452616,0.049348679,0.587871341,VTR2Bb.tr1
